time,spei,spei_predicted,pre,tmp
1901-01-16,0.04231374,,7.8,26.0
1901-02-15,0.18759914,,13.900001,28.2
1901-03-16,0.04587641,,29.2,29.800001
1901-04-16,-0.034870744,,68.6,31.800001
1901-05-16,0.21569085,,160.40001,30.1
1901-06-16,-0.32750344,,135.40001,29.7
1901-07-16,-0.17993817,,141.7,29.1
1901-08-16,0.019754225,,187.0,28.6
1901-09-16,-0.14021236,,238.1,28.0
1901-10-16,0.17251293,,167.90001,27.800001
1901-11-16,0.24748705,,35.8,26.4
1901-12-16,0.20906016,,5.1,24.300001
1902-01-16,-0.21516694,0.0806165,2.5,25.4
1902-02-15,-0.092673525,0.101736605,7.2000003,28.0
1902-03-16,-0.20212685,-0.13181382,26.300001,30.1
1902-04-16,0.14956217,0.1938538,76.200005,31.7
1902-05-16,-1.262477,-0.25617322,87.200005,30.5
1902-06-16,-1.2731439,-0.6280992,90.0,29.4
1902-07-16,-1.495178,-0.4948507,81.8,29.2
1902-08-16,-0.32205278,-0.3071036,172.40001,28.6
1902-09-16,0.5687758,0.0049031675,274.5,28.300001
1902-10-16,-0.30625722,-0.09339871,139.7,28.2
1902-11-16,0.16876943,-0.07251884,30.4,26.5
1902-12-16,1.0445892,0.42260984,12.900001,24.4
1903-01-16,-0.11794672,-0.06078223,3.3,25.300001
1903-02-15,-0.4301456,0.02941401,6.4,28.2
1903-03-16,-1.0102934,-0.5166653,9.1,29.9
1903-04-16,-1.3740677,-0.49442315,20.6,31.7
1903-05-16,0.37346596,0.009047665,165.40001,30.7
1903-06-16,0.9324776,0.341771,186.0,29.4
1903-07-16,-0.92491114,0.03075428,110.5,29.0
1903-08-16,-0.067738816,-0.1826357,183.2,28.6
1903-09-16,-0.4610267,-0.17642105,221.1,28.4
1903-10-16,-0.14538634,0.05259425,146.1,27.9
1903-11-16,-0.48948282,0.03308508,16.4,26.300001
1903-12-16,1.9603492,0.28271678,20.800001,24.2
1904-01-16,-0.63348794,-0.017122494,2.5,25.300001
1904-02-15,-0.94158614,0.17938074,4.2000003,27.9
1904-03-16,-0.29784328,0.113647506,24.1,29.9
1904-04-16,1.1342703,0.3227884,127.8,31.1
1904-05-16,0.94819176,0.3842352,197.6,30.300001
1904-06-16,-0.9095229,-0.19637446,108.700005,29.2
1904-07-16,-1.3115873,-0.38567123,90.3,28.9
1904-08-16,-1.9375848,-0.46065882,103.8,28.7
1904-09-16,0.23577835,-0.27858302,257.4,28.2
1904-10-16,0.11148239,-0.1368525,164.3,28.0
1904-11-16,1.4153701,0.20505412,83.3,26.300001
1904-12-16,-0.07161063,0.05799781,3.0,24.300001
1905-01-16,0.042313423,-0.00773846,4.7000003,25.0
1905-02-15,-0.34920922,-0.07897913,4.2000003,27.9
1905-03-16,0.98689353,0.08069526,61.7,30.1
1905-04-16,-0.3080216,-0.21074367,54.9,31.5
1905-05-16,0.8412891,0.07825832,191.2,30.4
1905-06-16,-0.04732422,-0.025225328,143.5,29.300001
1905-07-16,0.46209648,0.30701017,169.3,29.2
1905-08-16,-0.43221924,-0.2604409,167.8,28.7
1905-09-16,-0.34760675,-0.16582055,227.2,28.5
1905-10-16,-0.41029915,-0.2565874,133.5,28.0
1905-11-16,0.61722964,0.0005131365,47.7,26.6
1905-12-16,0.1574071,-0.0710581,1.6,24.300001
1906-01-16,-0.15391167,-0.15747,3.0,25.300001
1906-02-15,-0.34920922,-0.14580055,4.2000003,27.9
1906-03-16,-0.7041578,-0.031296913,9.1,29.300001
1906-04-16,-1.2432247,-0.61643773,21.9,31.7
1906-05-16,-0.56045735,-0.06723749,119.3,30.9
1906-06-16,-0.40766555,-0.0018020718,126.0,29.4
1906-07-16,0.5820336,0.04350258,171.7,29.1
1906-08-16,-0.3053655,0.041824665,173.1,28.6
1906-09-16,0.2259859,0.029829908,256.9,28.5
1906-10-16,-0.70222324,-0.04107059,115.700005,27.9
1906-11-16,-0.0666068,0.16871443,27.0,26.4
1906-12-16,-0.2710022,0.061980102,1.6,24.4
1907-01-16,0.8784081,0.10639769,14.5,25.300001
1907-02-15,-0.31381768,0.020222317,4.6,27.800001
1907-03-16,2.0593607,0.33274883,125.4,29.7
1907-04-16,-1.190011,0.01201544,26.800001,31.5
1907-05-16,0.800236,0.08240731,188.8,30.1
1907-06-16,-0.53000236,-0.3043379,124.200005,29.4
1907-07-16,-1.2520391,-0.2982994,93.0,28.800001
1907-08-16,-1.9018316,-0.3151457,105.4,28.5
1907-09-16,-1.4762268,-0.3609042,158.0,28.4
1907-10-16,0.43053892,-0.16837987,183.3,27.800001
1907-11-16,0.55935985,-0.16616511,45.7,26.300001
1907-12-16,-0.14176421,0.0074288324,2.5,24.1
1908-01-16,0.2008463,0.035289254,6.2000003,25.1
1908-02-15,0.20228781,0.0075546578,11.0,27.6
1908-03-16,-0.9599181,-0.06698746,10.1,29.9
1908-04-16,0.2653057,0.007228926,81.200005,31.6
1908-05-16,0.45153013,0.013506427,169.5,30.2
1908-06-16,0.3239715,0.08532658,158.7,29.2
1908-07-16,0.82947963,0.37331972,183.6,28.800001
1908-08-16,0.91568506,-0.03978726,231.0,28.4
1908-09-16,0.4603681,-0.08908233,268.9,28.2
1908-10-16,0.41067028,0.29012787,182.1,27.800001
1908-11-16,1.1237711,0.15694425,68.200005,26.300001
1908-12-16,0.3343453,-0.007733863,6.1,24.2
1909-01-16,0.064217925,0.11606032,4.9,25.1
1909-02-15,-0.43924904,-0.06306611,6.3,27.9
1909-03-16,-0.68493503,0.044558104,15.7,29.9
1909-04-16,-0.5552669,-0.20398259,45.8,31.300001
1909-05-16,-0.39122927,-0.097328246,127.5,30.2
1909-06-16,-1.0307332,-0.15783308,103.6,29.2
1909-07-16,0.38183826,0.28904867,165.7,28.800001
1909-08-16,1.1485262,0.20825152,244.90001,28.4
1909-09-16,-0.08616274,-0.10426395,240.90001,28.300001
1909-10-16,-0.19802265,0.08451301,143.0,27.800001
1909-11-16,1.9175717,0.20407295,118.1,26.2
1909-12-16,-0.2710022,0.035460193,1.6,24.1
1910-01-16,1.31454,0.27956188,22.5,25.1
1910-02-15,0.8644307,0.25334546,24.800001,27.9
1910-03-16,0.57991266,0.098974794,47.3,29.5
1910-04-16,0.52038383,0.072645776,89.9,31.1
1910-05-16,-0.23838253,-0.088526025,138.0,30.5
1910-06-16,1.1622543,0.113873646,197.6,29.2
1910-07-16,-0.75366056,0.0056994744,117.8,29.1
1910-08-16,1.5156282,0.2639991,270.1,28.6
1910-09-16,0.17506628,0.108757466,254.3,28.1
1910-10-16,0.079208784,0.42064553,162.40001,27.7
1910-11-16,-0.003218438,0.08089626,28.7,26.300001
1910-12-16,1.2435501,0.2545236,15.3,24.1
1911-01-16,0.5401561,0.26662698,9.900001,25.1
1911-02-15,-0.96199477,-0.029086657,0.90000004,27.800001
1911-03-16,-0.49190098,-0.0013440697,19.800001,29.800001
1911-04-16,0.034244698,-0.01021757,68.3,31.1
1911-05-16,-0.3147622,0.07104879,131.2,30.300001
1911-06-16,-0.58218867,0.1454096,122.1,29.2
1911-07-16,-0.9758678,-0.09753766,105.200005,28.9
1911-08-16,-1.7555691,-0.2908786,111.9,28.6
1911-09-16,1.2359469,0.03310689,310.7,28.2
1911-10-16,-0.36175182,-0.15080784,133.3,27.7
1911-11-16,-1.0085287,-0.11905465,1.5,26.6
1911-12-16,-0.403759,-0.17652622,0.7,24.4
1912-01-16,0.009000658,-0.031223215,4.4,24.9
1912-02-15,-0.8009271,-0.22956611,2.5,27.9
1912-03-16,-0.2758716,-0.0643761,21.5,29.800001
1912-04-16,-0.2894576,-0.19406903,58.7,31.7
1912-05-16,-0.47799495,-0.19193582,123.3,30.6
1912-06-16,-0.267334,-0.054377023,131.6,29.300001
1912-07-16,0.11742552,0.19778351,154.2,28.9
1912-08-16,0.55207396,-0.009155594,214.8,28.5
1912-09-16,-1.6241889,-0.18482101,146.90001,28.2
1912-10-16,-0.021172129,-0.22670755,156.5,27.800001
1912-11-16,1.3853072,0.12452641,81.6,26.300001
1912-12-16,-0.5092052,-0.020162776,0.0,24.300001
1913-01-16,0.14945626,0.23587866,5.7000003,25.300001
1913-02-15,1.5041469,0.30312708,40.3,28.0
1913-03-16,-0.6897345,-0.025555864,15.6,30.0
1913-04-16,-0.77468824,-0.14394142,38.0,31.5
1913-05-16,0.66679657,0.19584924,184.3,30.7
1913-06-16,-0.16462392,0.06705311,138.8,29.2
1913-07-16,0.16185246,0.11666751,156.1,28.9
1913-08-16,0.93671954,0.05419575,235.3,28.7
1913-09-16,-1.3109163,-0.23765545,169.7,28.2
1913-10-16,-1.2254589,-0.28652704,81.3,27.800001
1913-11-16,1.8232696,0.061672356,110.5,26.4
1913-12-16,0.17040233,-0.082587436,4.8,24.300001
1914-01-16,1.745123,0.23253284,34.100002,25.2
1914-02-15,0.378252,0.1256553,13.5,27.7
1914-03-16,1.3368113,0.30386204,77.3,29.9
1914-04-16,-0.6081448,0.03316514,47.0,31.4
1914-05-16,-0.52544,-0.13028482,121.0,30.5
1914-06-16,0.10108732,-0.12216812,149.5,29.300001
1914-07-16,0.9399383,0.051744115,192.3,28.9
1914-08-16,-0.046908643,0.035465423,187.2,28.4
1914-09-16,-0.7574221,-0.18675394,207.6,28.5
1914-10-16,0.07410973,0.07921164,162.1,28.2
1914-11-16,1.0958169,0.08523509,66.9,26.7
1914-12-16,-0.002695814,0.13488045,3.5,24.4
1915-01-16,-0.54714763,0.11405125,0.0,25.4
1915-02-15,-0.3670396,-0.07923437,4.0,28.1
1915-03-16,-0.9800237,-0.45261177,9.7,30.1
1915-04-16,0.48311377,0.060469013,91.200005,31.6
1915-05-16,-0.27552214,-0.056187198,136.2,30.7
1915-06-16,-0.46517152,-0.27540073,126.8,29.5
1915-07-16,-0.83381027,-0.30285597,114.4,29.2
1915-08-16,-0.52856237,-0.0027569865,163.8,28.300001
1915-09-16,-0.46838704,-0.0053568967,223.8,28.5
1915-10-16,1.8061248,0.29908192,280.5,27.800001
1915-11-16,0.098371305,0.04156069,31.5,26.4
1915-12-16,1.195952,0.3720634,14.7,24.0
1916-01-16,-0.43612465,0.118889034,0.8,24.9
1916-02-15,-0.6163171,0.02895071,4.4,27.7
1916-03-16,1.1265742,0.22080894,67.5,30.0
1916-04-16,-1.1369853,-0.0631625,28.6,31.4
1916-05-16,-0.25901058,-0.034367867,137.0,30.4
1916-06-16,-0.002610565,-0.11115699,148.40001,29.300001
1916-07-16,0.1874521,0.029093254,157.2,29.0
1916-08-16,1.8289307,0.1938905,298.80002,28.6
1916-09-16,1.4471183,0.18925817,326.2,28.300001
1916-10-16,0.9152724,0.27428263,213.8,27.9
1916-11-16,0.40408987,0.094967216,40.600002,26.300001
1916-12-16,0.20906016,0.21927284,5.1,24.0
1917-01-16,-0.4225699,-0.093128614,0.90000004,24.9
1917-02-15,-0.9314116,0.097780675,1.2,27.800001
1917-03-16,0.28141332,0.23301302,38.5,29.7
1917-04-16,-1.6177998,-0.24429955,9.400001,31.4
1917-05-16,-1.4132706,-0.4194404,76.1,30.4
1917-06-16,0.65401566,-0.098249935,176.1,29.4
1917-07-16,-0.30278102,-0.039651334,136.6,28.9
1917-08-16,1.2205637,0.34571886,252.6,28.5
1917-09-16,0.16527592,0.03922577,256.9,28.2
1917-10-16,2.1176174,0.5273327,308.6,27.800001
1917-11-16,-0.97653943,-0.052611534,5.3,26.300001
1917-12-16,0.2723933,0.26996642,5.6,24.1
1918-01-16,-0.54714763,-0.019482983,0.0,24.7
1918-02-15,0.90022826,0.18494928,25.5,27.5
1918-03-16,-0.1509797,0.08592105,27.5,29.800001
1918-04-16,-0.51105154,0.037533868,50.5,31.4
1918-05-16,1.104664,0.092377365,210.5,30.300001
1918-06-16,-1.25503,-0.21874674,93.9,29.2
1918-07-16,-2.0138016,-0.6441058,56.2,29.0
1918-08-16,0.66252214,-0.061020758,217.3,28.5
1918-09-16,0.36098987,-0.16624065,263.80002,28.4
1918-10-16,-1.4584557,-0.18825136,64.5,27.800001
1918-11-16,-0.5956141,-0.22831972,10.8,26.4
1918-12-16,-0.30021238,-0.016157705,1.4,24.300001
1919-01-16,-0.54714763,-0.31128827,0.0,25.5
1919-02-15,0.64354527,-0.14939567,20.800001,27.9
1919-03-16,0.6143987,-0.027063658,45.3,29.800001
1919-04-16,-0.2815231,-0.081618845,59.0,31.6
1919-05-16,-0.90827656,-0.35530323,102.200005,30.6
1919-06-16,-0.47515914,0.039405245,126.4,29.300001
1919-07-16,0.85745835,0.4852267,188.1,29.0
1919-08-16,-1.0280039,0.12793191,146.2,28.7
1919-09-16,-1.7666079,-0.22670755,138.7,28.5
1919-10-16,-1.3299223,-0.14987874,73.9,28.1
1919-11-16,1.0783639,0.1692965,66.1,26.4
1919-12-16,-0.4788949,0.12859608,0.2,24.300001
1920-01-16,0.031270225,0.11421339,4.6,25.2
1920-02-15,-0.27878717,-0.0032807325,5.0,27.5
1920-03-16,0.5925231,0.009459078,47.7,30.1
1920-04-16,-0.73770815,-0.0585041,42.4,31.5
1920-05-16,-0.26313788,0.1893078,133.7,30.4
1920-06-16,-0.43018237,-0.030270714,128.2,29.2
1920-07-16,-0.29795736,0.06840305,136.8,29.0
1920-08-16,-0.54787326,0.08291429,163.0,28.5
1920-09-16,0.8235653,0.07065259,287.9,28.2
1920-10-16,0.56816155,-0.020327184,191.7,27.7
1920-11-16,0.60291785,0.16981117,44.100002,26.300001
1920-12-16,0.23455852,0.08008134,5.3,24.1
1921-01-16,1.6087377,0.14508004,29.9,25.4
1921-02-15,-0.02777898,0.26398963,11.1,27.6
1921-03-16,0.48605153,0.29118994,44.4,29.9
1921-04-16,-0.68676203,0.13677041,44.2,31.6
1921-05-16,-0.39329606,-0.18044272,130.5,30.4
1921-06-16,-0.9763341,-0.13826308,105.9,29.4
1921-07-16,1.435439,0.021992605,223.40001,28.9
1921-08-16,1.1325456,0.16563264,247.0,28.5
1921-09-16,2.4646497,0.40685982,395.0,28.2
1921-10-16,-1.8488512,-0.4661999,33.7,27.7
1921-11-16,-1.0960501,-0.04671222,2.7,26.2
1921-12-16,-0.5092052,-0.12410983,0.0,24.300001
1922-01-16,0.8913942,0.10659689,14.7,25.1
1922-02-15,-0.7418365,0.009823509,0.0,27.7
1922-03-16,0.6329561,0.10174644,49.0,29.7
1922-04-16,-1.2788024,-0.33622733,20.7,31.1
1922-05-16,0.043802943,-0.08070849,148.7,30.4
1922-06-16,-1.7458104,-0.48084152,71.200005,29.300001
1922-07-16,0.004142992,0.17187881,149.40001,28.800001
1922-08-16,0.47279072,0.05797274,210.90001,28.4
1922-09-16,2.069776,0.42071486,363.30002,28.2
1922-10-16,-1.3117813,-0.2439747,75.200005,27.800001
1922-11-16,1.5692444,0.28905433,92.6,26.1
1922-12-16,-0.5092052,-0.19768961,0.0,23.9
1923-01-16,1.3190916,0.4510796,22.6,25.2
1923-02-15,0.16539322,-0.060801722,13.6,27.5
1923-03-16,0.10091884,0.09602575,33.7,29.800001
1923-04-16,0.9034106,0.1373449,113.4,31.300001
1923-05-16,-0.13140494,0.017346792,143.2,30.300001
1923-06-16,1.7074249,0.12938128,229.40001,29.2
1923-07-16,-1.1492442,-0.069587365,100.700005,28.6
1923-08-16,-0.639716,-0.111229286,162.3,28.5
1923-09-16,-1.9002621,-0.5510173,127.5,28.2
1923-10-16,1.0229533,-0.07859229,221.0,27.800001
1923-11-16,0.85543615,0.040986214,56.600002,26.4
1923-12-16,-0.5092052,-0.2512433,0.0,24.5
1924-01-16,-0.54714763,-0.14124186,0.0,25.2
1924-02-15,-1.0547968,-0.19376218,0.0,27.7
1924-03-16,-0.050988313,-0.36029476,26.800001,30.0
1924-04-16,0.37867254,-0.11671978,86.3,31.4
1924-05-16,-1.2929308,-0.2725453,82.5,30.5
1924-06-16,0.23031844,0.25062495,154.8,29.300001
1924-07-16,0.91464233,0.4236663,191.0,28.7
1924-08-16,1.3286301,0.38607353,259.80002,28.6
1924-09-16,0.92019594,0.25054428,296.2,28.4
1924-10-16,-0.18105486,0.058437724,147.1,27.7
1924-11-16,-0.95377576,0.049619522,2.7,26.2
1924-12-16,0.86955553,0.21753837,11.0,24.0
1925-01-16,-0.54714763,-0.08901673,0.0,24.9
1925-02-15,0.5405465,0.19053885,19.1,27.5
1925-03-16,0.30308288,0.104632735,36.0,29.7
1925-04-16,0.6090411,0.034179065,100.5,31.300001
1925-05-16,-1.1779819,-0.122461475,91.6,30.4
1925-06-16,-0.16962841,-0.24007224,138.6,29.2
1925-07-16,-0.8173615,-0.056048173,115.1,29.0
1925-08-16,1.0173805,0.28201947,236.90001,28.5
1925-09-16,-0.4351883,-0.09399498,225.6,28.4
1925-10-16,-1.0213475,-0.045481488,95.200005,27.6
1925-11-16,-0.96287256,-0.0949973,5.6,26.300001
1925-12-16,0.64503527,0.045030873,8.8,24.1
1926-01-16,-0.3690577,-0.24816097,1.3000001,25.1
1926-02-15,-0.68347317,-0.16001889,3.7,27.800001
1926-03-16,0.1852251,-0.06732447,35.9,29.9
1926-04-16,-1.0519676,-0.6435368,31.5,31.6
1926-05-16,-1.176049,-0.5204071,88.6,30.800001
1926-06-16,0.8300963,0.08343071,181.1,29.4
1926-07-16,0.71723145,0.15674302,181.2,29.0
1926-08-16,0.59396446,0.05500493,216.90001,28.5
1926-09-16,-0.19781126,0.09673552,235.1,28.300001
1926-10-16,1.1777256,0.31384006,231.7,27.7
1926-11-16,-0.26430807,0.15330103,21.9,26.300001
1926-12-16,1.2513516,0.3447976,15.400001,24.1
1927-01-16,-0.024866316,0.34606114,4.1,25.1
1927-02-15,1.4434634,0.34200487,38.5,27.800001
1927-03-16,0.061713114,0.05085707,29.6,29.800001
1927-04-16,1.2972991,0.6396178,139.2,31.2
1927-05-16,0.8480802,0.282146,194.7,30.2
1927-06-16,0.46984866,0.22383584,164.90001,29.300001
1927-07-16,1.5316861,0.35945746,226.40001,29.0
1927-08-16,-1.3315954,0.07459124,133.40001,28.5
1927-09-16,-0.5396183,0.03118867,219.90001,28.4
1927-10-16,0.303955,-0.19845657,175.7,27.800001
1927-11-16,-0.68645203,0.019309659,11.8,26.300001
1927-12-16,-0.5092052,-0.13178828,0.0,24.2
1928-01-16,0.6594599,-0.15919521,11.400001,25.5
1928-02-15,0.6078482,0.06503192,20.2,27.6
1928-03-16,0.04587641,0.047759753,29.2,29.7
1928-04-16,1.3975074,0.019017573,146.8,31.300001
1928-05-16,0.563365,-0.023519337,178.6,30.4
1928-06-16,-0.30243415,-0.2131123,133.3,29.2
1928-07-16,-1.3291179,-0.070691474,92.6,28.9
1928-08-16,-1.6897519,-0.167305,117.9,28.5
1928-09-16,-1.2580191,-0.3002577,176.40001,28.5
1928-10-16,-1.0213475,-0.1728755,95.200005,27.4
1928-11-16,-0.5999054,-0.2437743,13.8,26.1
1928-12-16,-0.5092052,-0.1450339,0.0,24.5
1929-01-16,-0.50497144,-0.009856164,0.3,25.4
1929-02-15,0.49004927,0.04639597,18.300001,27.800001
1929-03-16,1.1652422,0.021958467,69.200005,29.7
1929-04-16,0.56312835,0.019384991,95.1,31.1
1929-05-16,-0.025141804,0.07635773,145.3,30.4
1929-06-16,-0.05976852,-0.021443192,143.0,29.2
1929-07-16,-0.012487445,0.021683779,151.8,29.0
1929-08-16,0.30213088,0.041137572,202.8,28.5
1929-09-16,-1.2326982,0.056448247,178.1,28.4
1929-10-16,-0.40695837,-0.19549061,133.7,27.7
1929-11-16,-0.98110074,-0.26099923,5.2000003,26.2
1929-12-16,-0.17016174,-0.14819144,2.3,24.5
1930-01-16,0.49821165,-0.11458472,9.400001,24.9
1930-02-15,-1.0547968,-0.21023674,0.0,27.7
1930-03-16,-0.2583859,-0.27213004,21.9,29.5
1930-04-16,-1.1311054,-0.40500224,28.800001,31.4
1930-05-16,-0.35609192,-0.16475694,132.3,30.4
1930-06-16,0.64733464,0.09364776,169.6,29.1
1930-07-16,1.513056,0.08202252,225.2,29.0
1930-08-16,0.14408109,0.05317754,195.6,28.6
1930-09-16,1.4637349,0.17014728,324.1,28.2
1930-10-16,-1.4878768,-0.3200764,62.3,27.9
1930-11-16,-0.003218561,-0.116906576,25.6,26.300001
1930-12-16,-0.0855437,-0.18656226,2.9,24.300001
1931-01-16,-0.34272206,-0.1551531,1.5,25.2
1931-02-15,0.79577166,-0.06810143,26.6,28.2
1931-03-16,-0.9348705,-0.39212102,7.5,30.0
1931-04-16,-0.07244046,-0.16349028,67.1,31.800001
1931-05-16,-1.2510194,-0.3489729,84.700005,30.6
1931-06-16,0.29290435,-0.030231874,157.40001,29.5
1931-07-16,0.26367524,0.08963296,157.40001,28.9
1931-08-16,-0.58169115,-0.073827684,161.6,28.6
1931-09-16,0.43119258,-0.13507785,270.5,28.4
1931-10-16,-0.64739704,-0.1092069,119.1,27.6
1931-11-16,-0.86344767,0.034256335,7.8,26.300001
1931-12-16,-0.5092052,-0.09157066,0.0,24.1
1932-01-16,-0.54714763,-0.08528845,0.0,24.9
1932-02-15,0.521765,0.109754324,15.7,27.300001
1932-03-16,-0.99514204,-0.08502741,6.3,29.6
1932-04-16,0.6404293,0.012855113,95.9,31.300001
1932-05-16,-0.48625103,-0.018000036,122.9,30.7
1932-06-16,-1.2459505,-0.366702,91.200005,29.2
1932-07-16,0.98418015,-0.02327458,194.6,28.9
1932-08-16,-0.7171221,-0.052540105,152.90001,28.300001
1932-09-16,0.40196943,0.050021168,265.9,28.2
1932-10-16,0.5340106,-0.16166323,189.6,27.6
1932-11-16,0.27430588,0.08890602,33.5,26.300001
1932-12-16,-0.5092052,0.043668028,0.0,23.9
1933-01-16,-0.54714763,-0.1322892,0.0,25.2
1933-02-15,0.34417748,0.02718689,13.0,27.800001
1933-03-16,-1.4855293,-0.0116799325,0.0,30.0
1933-04-16,-0.17700012,0.09026308,63.0,31.5
1933-05-16,-0.39536288,-0.16751146,127.3,30.5
1933-06-16,-0.28989834,0.12228893,133.8,29.300001
1933-07-16,2.0335534,0.57287985,262.7,28.9
1933-08-16,-0.39381,-0.06439552,169.40001,28.7
1933-09-16,-0.1517595,0.19148031,237.5,28.300001
1933-10-16,-0.3651071,0.026619557,136.2,27.800001
1933-11-16,0.9694652,0.14540014,61.3,26.300001
1933-12-16,-0.5092052,0.047968205,0.0,24.2
1934-01-16,-0.3690577,0.15448292,1.3000001,25.2
1934-02-15,-0.6354009,0.035412703,4.2000003,27.7
1934-03-16,-0.04688939,-0.068339,30.0,29.800001
1934-04-16,0.004787565,0.10425803,70.200005,31.300001
1934-05-16,-1.770672,0.042454127,56.3,30.5
1934-06-16,0.15986009,0.06338433,148.8,29.2
1934-07-16,-0.16551945,0.057587888,142.3,29.0
1934-08-16,0.3810679,0.16726018,203.40001,28.5
1934-09-16,0.27298313,0.08065036,259.30002,28.4
1934-10-16,0.055407073,0.092786506,161.0,27.800001
1934-11-16,0.96711755,0.21682213,58.100002,26.2
1934-12-16,1.1050364,0.2483552,13.6,23.800001
1935-01-16,0.3745199,0.14428078,8.0,24.9
1935-02-15,1.5777062,0.25857452,39.5,27.6
1935-03-16,-0.34662503,0.15043287,19.9,30.0
1935-04-16,0.4851997,0.42771202,91.3,31.4
1935-05-16,0.003304986,-0.06174954,146.7,30.4
1935-06-16,-0.18715031,-0.039245743,137.90001,29.2
1935-07-16,-0.05058924,0.079912335,147.1,29.0
1935-08-16,-1.418081,-0.0131508205,126.6,28.4
1935-09-16,1.237688,0.09618284,310.80002,28.2
1935-10-16,1.4514555,-0.107662745,251.8,28.0
1935-11-16,0.13731438,-0.1219762,29.5,26.2
1935-12-16,1.1959518,0.25631535,11.6,24.1
1936-01-16,-0.5330159,0.012867451,0.1,24.9
1936-02-15,0.89516324,0.2114556,22.300001,27.5
1936-03-16,-1.1378363,-0.14062352,3.5,29.7
1936-04-16,-0.90091395,-0.08379001,33.600002,31.300001
1936-05-16,0.47413114,-0.111664,170.7,30.5
1936-06-16,0.45823345,0.005859837,164.40001,29.2
1936-07-16,1.2150719,0.48022336,207.2,28.9
1936-08-16,-1.3128158,0.10304175,131.1,28.5
1936-09-16,-1.8067346,-0.09832612,135.40001,28.4
1936-10-16,-0.92395204,-0.47869438,101.6,27.800001
1936-11-16,-0.85448015,-0.28190252,14.2,26.4
1936-12-16,-0.9462111,-0.19895366,0.3,24.4
1937-01-16,-1.5863465,-0.24869779,0.0,25.0
1937-02-15,0.96947294,0.41064087,23.800001,27.800001
1937-03-16,-1.6216542,-0.24988636,9.900001,29.800001
1937-04-16,-0.087572455,-0.21651185,69.6,31.800001
1937-05-16,0.10420683,-0.022855734,145.5,29.6
1937-06-16,-1.3716965,-0.16623105,82.5,29.1
1937-07-16,1.1293751,0.16930543,190.0,28.1
1937-08-16,0.2369666,0.04230846,190.5,28.2
1937-09-16,-0.58475286,-0.041167427,205.0,27.9
1937-10-16,-0.49508896,-0.3255947,137.7,27.6
1937-11-16,0.19985753,0.0082710795,34.4,27.2
1937-12-16,-0.2710022,-0.14249921,1.6,25.2
1938-01-16,-0.38233024,-0.104315124,1.2,25.300001
1938-02-15,0.22414953,0.08514975,14.400001,27.5
1938-03-16,-0.7186193,-0.25010338,21.2,29.0
1938-04-16,0.2425193,-0.11196467,74.0,30.6
1938-05-16,-0.42222875,-0.048870042,119.8,29.300001
1938-06-16,0.7916961,0.39537847,170.0,28.300001
1938-07-16,1.1366217,0.45072234,193.5,27.800001
1938-08-16,-0.70744663,0.058060523,153.3,28.5
1938-09-16,1.7619057,0.37266707,339.6,27.9
1938-10-16,0.46189725,0.14716834,179.0,27.300001
1938-11-16,-0.64733845,0.30922052,12.7,25.5
1938-12-16,-0.344345,-0.06492093,1.1,24.5
1939-01-16,-0.89307874,-0.089039065,0.8,25.1
1939-02-15,0.42503834,0.093979046,23.5,27.5
1939-03-16,-0.010244868,-0.02194624,30.9,29.4
1939-04-16,-0.74338746,-0.012213353,42.2,30.9
1939-05-16,-0.7569357,-0.21836774,109.700005,30.0
1939-06-16,0.47912103,-0.014415976,159.1,28.7
1939-07-16,-0.73471284,-0.080035254,109.3,28.7
1939-08-16,0.11945035,-0.26166508,185.2,28.4
1939-09-16,1.344423,-0.08039763,313.9,28.1
1939-10-16,-1.1151313,-0.09931517,92.0,27.7
1939-11-16,0.9788228,0.32242814,58.600002,27.0
1939-12-16,0.3829085,-0.051296018,0.3,21.0
1940-01-16,-1.0233353,-0.021007396,0.0,22.6
1940-02-15,-0.72230047,-0.28020987,3.3,27.300001
1940-03-16,-2.0072324,-0.6489216,0.0,29.300001
1940-04-16,-1.3531802,-0.71943134,30.6,31.9
1940-05-16,0.22555569,-0.039129928,160.90001,30.6
1940-06-16,-0.53000236,0.02083442,124.200005,29.4
1940-07-16,-1.3400481,-0.3755663,85.9,28.800001
1940-08-16,0.57408684,-0.07300043,209.7,28.2
1940-09-16,-0.9557186,-0.508412,198.90001,28.7
1940-10-16,-0.94084156,-0.3980793,109.8,28.5
1940-11-16,-0.9902319,-0.458815,8.1,27.0
1940-12-16,-0.72503436,-0.4798321,1.7,25.0
1941-01-16,-2.9322453,-1.067271,1.1,27.6
1941-02-15,-1.4087992,-0.85152215,6.0,28.6
1941-03-16,-1.41041,-0.7260127,13.8,30.6
1941-04-16,0.46846122,-0.06508718,99.8,32.3
1941-05-16,0.44586205,0.24738513,175.40001,30.800001
1941-06-16,-0.34003645,0.007885072,128.7,29.5
1941-07-16,-1.7889261,-0.25387776,67.6,29.2
1941-08-16,-0.24359827,-0.07909925,172.6,28.6
1941-09-16,-0.049347818,-0.04639232,249.0,28.800001
1941-10-16,0.72500235,-0.009483427,201.5,28.0
1941-11-16,-0.44350922,-0.24482426,20.6,27.0
1941-12-16,-0.8192511,-0.39271036,1.1,25.7
1942-01-16,-1.2650793,-0.6328247,1.7,25.5
1942-02-15,-0.47588083,-0.52658147,12.1,28.0
1942-03-16,0.62679005,-0.0648341,48.8,29.6
1942-04-16,1.1312629,0.06560125,127.6,31.1
1942-05-16,0.6864302,0.05040433,182.3,30.1
1942-06-16,2.0769134,0.82286566,252.3,29.0
1942-07-16,-0.22324504,0.18723783,133.7,28.6
1942-08-16,2.097921,0.93549484,324.6,28.2
1942-09-16,1.0117357,0.35338768,301.2,28.0
1942-10-16,-0.2268376,0.058437902,147.5,27.6
1942-11-16,1.0739706,0.22442742,65.9,26.1
1942-12-16,0.15740752,0.017478544,4.7000003,24.0
1943-01-16,-1.5863465,-0.20970011,0.0,24.9
1943-02-15,-0.2787864,-0.063042246,14.3,27.5
1943-03-16,-0.76222575,-0.08864592,23.4,29.5
1943-04-16,0.18242575,-0.06539742,80.700005,31.1
1943-05-16,-0.30443296,-0.016823838,137.90001,30.1
1943-06-16,-0.24978615,-0.14383607,141.6,29.0
1943-07-16,0.8214413,-0.030617623,189.40001,28.6
1943-08-16,-0.56961006,-0.029833645,171.40001,28.1
1943-09-16,0.8924667,0.27547842,294.7,28.0
1943-10-16,-1.7921445,-0.36547664,41.5,27.6
1943-11-16,1.8051022,0.35458207,109.1,26.0
1943-12-16,-0.0855437,-0.0847234,2.9,24.0
1944-01-16,-0.38232982,-0.045513358,4.3,24.9
1944-02-15,0.843611,0.29350275,27.5,27.6
1944-03-16,-0.8800976,0.060673904,21.0,29.6
1944-04-16,-0.8290008,-0.13283667,48.5,31.1
1944-05-16,-0.14577115,-0.26355287,145.6,30.0
1944-06-16,-0.89752716,-0.255092,118.5,28.9
1944-07-16,-1.1627468,-0.11915352,100.1,28.6
1944-08-16,1.5887747,0.164073,281.9,28.2
1944-09-16,-1.3442026,-0.12040844,164.3,28.1
1944-10-16,0.9213281,0.4443837,217.3,27.6
1944-11-16,-0.19326456,0.07898193,26.800001,26.0
1944-12-16,-0.2710022,-0.050378844,1.6,23.7
1945-01-16,0.9788454,-0.05264327,19.2,24.9
1945-02-15,1.4875758,0.34982657,39.8,27.6
1945-03-16,-1.8796873,-0.027776811,11.5,29.4
1945-04-16,-0.12821102,0.20280617,68.0,31.0
1945-05-16,-0.40363017,0.0024118798,136.2,30.1
1945-06-16,1.5135778,0.2770505,220.40001,29.0
1945-07-16,0.13850167,0.08166106,158.2,28.7
1945-08-16,-0.76790595,0.013479609,163.2,28.300001
1945-09-16,1.3393131,0.21106441,326.0,28.0
1945-10-16,-1.6210997,-0.21034607,55.2,27.4
1945-11-16,-0.35294914,-0.15479945,19.7,26.2
1945-12-16,0.55713445,0.048265386,4.9,24.0
1946-01-16,-1.0233353,-0.25184527,0.0,24.2
1946-02-15,0.089870326,-0.09051899,12.6,27.0
1946-03-16,1.0315781,-0.049044754,63.5,30.300001
1946-04-16,0.94900644,0.059423488,125.4,30.6
1946-05-16,-0.074077606,-0.046374526,136.7,29.6
1946-06-16,-1.1451006,-0.2776901,104.9,29.300001
1946-07-16,0.5583158,0.02796616,183.0,28.800001
1946-08-16,-1.3456615,-0.36603278,135.90001,28.4
1946-09-16,0.1496147,-0.15148158,262.30002,28.300001
1946-10-16,0.8557854,0.14980401,219.2,27.6
1946-11-16,-1.5585041,-0.23995875,2.3,26.6
1946-12-16,-2.5179918,-0.74083096,0.3,25.9
1947-01-16,-0.95752877,-0.42483127,9.7,27.4
1947-02-15,-1.0340384,-0.61199015,9.5,28.0
1947-03-16,-0.08812182,0.016672984,44.5,29.7
1947-04-16,1.2192256,0.08002758,130.5,30.6
1947-05-16,-1.1721816,-0.23188725,98.1,30.800001
1947-06-16,0.8617728,0.28532273,185.7,29.1
1947-07-16,-0.48842928,-0.26792645,132.0,28.800001
1947-08-16,1.542073,0.490035,281.4,28.6
1947-09-16,-0.808857,-0.048112836,213.90001,28.7
1947-10-16,-1.4731971,-0.15543906,72.700005,28.2
1947-11-16,-1.2883005,-0.6973271,1.7,26.1
1947-12-16,-1.400022,-0.6097485,0.6,24.5
1948-01-16,-1.527099,-0.5874984,0.3,24.800001
1948-02-15,-0.860737,-0.3591809,11.2,28.6
1948-03-16,-0.17219846,-0.3830896,33.2,30.300001
1948-04-16,0.6578885,0.04419921,96.8,30.7
1948-05-16,0.4288158,0.04183368,171.40001,30.0
1948-06-16,-1.0729916,-0.39605266,108.0,29.5
1948-07-16,1.0446477,-0.19287205,197.8,28.6
1948-08-16,0.41469613,0.027360667,208.1,28.6
1948-09-16,0.2788559,0.18881726,265.80002,28.300001
1948-10-16,0.8909647,0.13885002,215.3,27.7
1948-11-16,-1.1658515,-0.21045095,1.2,25.0
1948-12-16,-1.4658792,-0.6292377,0.2,25.0
1949-01-16,1.1688516,-0.15652806,19.5,23.7
1949-02-15,0.74095166,0.1351983,25.6,27.0
1949-03-16,-0.9348699,-0.17841126,19.9,30.0
1949-04-16,1.5482159,0.18941553,153.0,30.6
1949-05-16,-0.21158835,-0.1456609,139.3,30.2
1949-06-16,-2.2410223,-0.48900226,58.3,29.7
1949-07-16,0.77279747,0.15157615,187.0,28.7
1949-08-16,0.74458337,-0.021922396,221.6,28.4
1949-09-16,0.09288399,0.047949497,247.0,28.300001
1949-10-16,0.33910102,0.11006172,177.8,28.1
1949-11-16,1.5863492,0.46588993,90.6,26.4
1949-12-16,-0.9462111,-0.23768063,0.3,25.2
1950-01-16,-2.2938912,-0.7598848,0.0,25.1
1950-02-15,-1.1070362,-0.095625065,8.8,27.0
1950-03-16,-0.64669144,-0.09066442,28.9,30.0
1950-04-16,-0.06489656,0.015736345,67.4,31.0
1950-05-16,0.10220045,0.18103708,154.7,30.0
1950-06-16,1.0967302,0.15500213,191.1,28.7
1950-07-16,-0.33172792,0.031605106,135.40001,28.5
1950-08-16,-0.9920428,0.0032978954,150.8,28.9
1950-09-16,0.29255626,0.17655484,263.4,28.1
1950-10-16,1.7184786,0.6737286,266.9,27.6
1950-11-16,0.64273244,0.26347998,48.600002,26.800001
1950-12-16,0.5346192,0.33616456,1.6,22.800001
1951-01-16,1.1051102,0.25323546,15.2,24.4
1951-02-15,-1.498053,-0.19794104,2.1000001,26.9
1951-03-16,-0.547623,0.014798604,24.800001,29.4
1951-04-16,-0.93849844,-0.064427175,44.7,31.4
1951-05-16,0.55968505,-0.014139587,175.3,30.1
1951-06-16,-0.07969867,0.024494302,132.90001,28.6
1951-07-16,1.8260376,0.3825529,246.7,28.4
1951-08-16,-0.5913584,-0.02456511,161.2,28.4
1951-09-16,0.77662414,0.41612196,288.5,28.300001
1951-10-16,1.6870798,0.3155565,267.4,27.7
1951-11-16,0.86044586,0.27948424,56.8,26.800001
1951-12-16,0.5346192,0.3483855,1.6,24.0
1952-01-16,-0.504971,-0.04451853,3.4,25.1
1952-02-15,0.7575857,0.17263061,29.0,28.4
1952-03-16,2.0547893,0.48580652,115.700005,29.300001
1952-04-16,-1.397973,-0.2571502,26.0,30.7
1952-05-16,0.16017005,0.03935952,157.6,30.5
1952-06-16,0.04689077,-0.06119608,147.3,29.0
1952-07-16,-0.35102832,-0.00041295204,128.40001,28.5
1952-08-16,0.1708101,0.19633578,190.6,27.800001
1952-09-16,-0.7331859,0.13032514,205.90001,27.9
1952-10-16,1.2975355,0.0010923037,231.0,27.5
1952-11-16,0.066102,0.05879317,30.6,26.1
1952-12-16,-0.4788949,-0.01711825,0.2,22.5
1953-01-16,1.5293785,0.08288747,24.6,25.1
1953-02-15,2.1716607,0.41281345,55.0,27.1
1953-03-16,-0.042795826,0.20402749,33.2,29.2
1953-04-16,1.2235042,0.23510976,130.8,30.800001
1953-05-16,0.13423948,-0.23968516,153.2,29.9
1953-06-16,0.22306016,0.035084058,154.5,28.800001
1953-07-16,0.3025799,0.05553953,162.2,28.5
1953-08-16,-0.26968762,0.08569276,171.5,28.2
1953-09-16,0.5146833,0.15366532,274.80002,28.1
1953-10-16,0.40735415,0.145504,185.0,28.1
1953-11-16,1.7959205,0.46901298,102.200005,26.1
1953-12-16,0.078307405,0.045853447,1.0,23.800001
1954-01-16,-0.20278344,0.21518345,8.8,26.300001
1954-02-15,0.3578737,0.23139043,16.300001,27.2
1954-03-16,0.7978453,0.09274092,54.600002,29.0
1954-04-16,-1.6451259,-0.08027316,17.800001,31.5
1954-05-16,0.52641535,0.21276088,173.5,29.9
1954-06-16,0.16717844,0.21373977,155.3,29.0
1954-07-16,-1.522737,-0.111588754,89.8,28.9
1954-08-16,0.8676937,0.09415102,228.3,28.2
1954-09-16,1.3239503,0.17057554,309.6,27.300001
1954-10-16,-0.6619574,0.014142495,118.200005,27.1
1954-11-16,-0.79648674,-0.01671056,12.400001,25.2
1954-12-16,0.078307405,-0.018280666,1.0,23.2
1955-01-16,-1.0233353,-0.3863023,0.0,23.1
1955-02-15,-0.5878478,0.13628826,7.8,27.1
1955-03-16,0.6905613,0.18599057,54.0,29.1
1955-04-16,0.72445536,-0.030617759,97.200005,30.1
1955-05-16,0.1001936,-0.17477475,151.5,29.800001
1955-06-16,1.563094,0.09450282,211.0,28.0
1955-07-16,0.14084007,0.10851766,155.2,28.5
1955-08-16,0.001436402,0.20516102,186.2,28.0
1955-09-16,-0.10356386,0.23556192,243.1,27.9
1955-10-16,-1.8392675,-0.27557072,37.600002,27.1
1955-11-16,0.1791729,0.011187382,30.7,24.7
1955-12-16,-1.4658792,-0.34843224,0.2,22.4
1956-01-16,-1.5863465,-0.6319562,0.0,23.2
1956-02-15,1.4295824,0.43631858,35.0,27.4
1956-03-16,0.16629973,0.31493077,38.5,29.5
1956-04-16,1.4904398,0.5002282,145.0,30.2
1956-05-16,0.15618685,0.26762432,148.1,29.1
1956-06-16,0.4325845,0.33038473,163.3,28.4
1956-07-16,1.059568,0.3326569,195.5,28.0
1956-08-16,0.10146128,0.16314979,187.5,27.800001
1956-09-16,0.8291781,0.3379321,288.2,27.6
1956-10-16,-1.051347,-0.088712476,93.200005,26.9
1956-11-16,0.026166359,-0.0058074854,29.5,24.5
1956-12-16,-0.43370086,-0.005095884,0.5,22.800001
1957-01-16,0.06421824,0.22333543,8.0,24.4
1957-02-15,0.64354527,0.08149758,20.800001,26.7
1957-03-16,1.2818323,0.08373885,71.5,28.800001
1957-04-16,0.18475959,-0.2010347,77.700005,30.9
1957-05-16,-1.6073681,-0.45612288,77.9,31.300001
1957-06-16,0.20852219,-0.16162293,153.90001,29.5
1957-07-16,-1.0676504,-0.21792886,104.3,28.7
1957-08-16,-0.18456359,-0.01977849,184.40001,28.5
1957-09-16,1.2879082,0.32773697,310.6,27.9
1957-10-16,1.2269773,0.20548743,229.0,27.4
1957-11-16,-0.07037527,-0.17787291,33.100002,26.4
1957-12-16,-1.3671864,-0.47031733,0.8,24.800001
1958-01-16,0.98487,0.0016223454,19.300001,25.5
1958-02-15,0.1875989,-0.06277063,10.8,27.2
1958-03-16,0.94869137,0.1394618,63.3,30.300001
1958-04-16,-0.49454793,-0.28992763,57.3,31.5
1958-05-16,-1.1100036,-0.35243452,101.3,31.4
1958-06-16,0.7245795,0.07840869,176.2,29.300001
1958-07-16,0.0302235,-0.061911404,144.3,28.5
1958-08-16,-0.116586715,-0.012470784,187.3,28.2
1958-09-16,-0.09003181,-0.19583593,237.6,28.0
1958-10-16,-1.0198419,-0.008162718,92.200005,27.4
1958-11-16,-1.335892,-0.43697724,0.7,25.0
1958-12-16,-1.4989022,-0.34246463,0.0,22.800001
1959-01-16,-0.47721663,-0.12936439,3.6000001,24.6
1959-02-15,1.0076908,0.023472447,33.9,28.2
1959-03-16,0.5415964,-0.1193532,46.100002,28.6
1959-04-16,-0.15381874,-0.15883504,60.8,31.300001
1959-05-16,0.7059564,-0.10476465,186.5,30.2
1959-06-16,-1.6459794,-0.23628356,82.200005,29.9
1959-07-16,1.200979,0.33651274,203.3,28.2
1959-08-16,-1.6098279,-0.46548635,115.200005,28.2
1959-09-16,1.2324631,0.20024754,304.30002,27.9
1959-10-16,-1.121015,-0.30993184,88.5,27.4
1959-11-16,-0.91298276,-0.4744758,12.900001,26.7
1959-12-16,-1.4493915,-0.6643154,0.3,25.800001
1960-01-16,0.020166403,-0.16496463,7.6,25.4
1960-02-15,-1.0547965,-0.3489296,3.1000001,27.0
1960-03-16,-1.3997402,-0.10175164,10.900001,30.2
1960-04-16,-1.4458901,-0.4582269,27.5,32.100002
1960-05-16,-0.53574437,-0.33211735,126.700005,30.6
1960-06-16,-1.0330882,-0.42585972,106.6,29.1
1960-07-16,0.9379998,0.1448001,192.2,28.7
1960-08-16,-0.9728371,-0.22964934,142.3,28.6
1960-09-16,-0.6187683,-0.15823543,212.40001,28.2
1960-10-16,1.2838131,0.081241824,233.1,27.6
1960-11-16,0.53277147,-0.05127779,41.7,26.7
1960-12-16,0.35873753,-0.075027354,3.2,23.800001
1961-01-16,-0.38233024,-0.046687208,1.2,24.2
1961-02-15,1.3243136,0.20189369,25.9,27.4
1961-03-16,0.69652385,0.16871199,51.100002,29.6
1961-04-16,0.3655824,0.040196214,85.700005,31.300001
1961-05-16,0.9151869,0.13488252,192.5,29.7
1961-06-16,0.48143616,-0.022722524,159.2,28.7
1961-07-16,-0.23769477,-0.110025644,133.1,28.6
1961-08-16,0.019754328,-0.043601833,180.8,28.2
1961-09-16,-0.611628,-0.12689605,206.6,27.800001
1961-10-16,1.3370221,0.20947443,240.1,27.300001
1961-11-16,-0.59990525,-0.10552462,16.9,26.5
1961-12-16,0.41874766,0.1996952,6.8,24.7
1962-01-16,0.41978508,0.20152584,2.3,23.800001
1962-02-15,-1.2451588,0.01728779,1.3000001,26.1
1962-03-16,-1.262408,-0.0075580776,4.2000003,29.5
1962-04-16,-0.40997896,-0.082002744,60.4,31.5
1962-05-16,-0.08634203,0.12309413,142.3,30.0
1962-06-16,-1.2094843,0.06909505,99.0,29.1
1962-07-16,0.742037,0.17374888,179.3,28.4
1962-08-16,-0.10026708,-0.01981253,184.90001,28.0
1962-09-16,1.6201727,0.32241386,327.5,27.800001
1962-10-16,-0.102874346,-0.02444086,151.7,27.5
1962-11-16,-1.4078048,-0.07179598,2.3,26.300001
1962-12-16,-0.57023966,0.15932427,2.7,23.9
1963-01-16,-0.14185767,-0.015472764,0.0,22.0
1963-02-15,-0.68347317,-0.14327914,3.7,26.9
1963-03-16,-0.48267868,-0.04874137,16.9,28.9
1963-04-16,-1.0812248,-0.07087005,33.600002,30.7
1963-05-16,-1.9226279,-0.382426,59.9,31.4
1963-06-16,0.64510506,-0.19693571,172.6,29.2
1963-07-16,0.4620964,-0.07608722,160.0,28.1
1963-08-16,-0.47311577,0.08760606,166.1,28.300001
1963-09-16,1.0659771,0.15001017,298.0,28.2
1963-10-16,1.4106613,0.21394782,245.6,27.5
1963-11-16,1.3491067,0.2804476,79.6,26.9
1963-12-16,0.346569,0.0235192,3.1000001,24.1
1964-01-16,-0.60441035,-0.11164591,2.7,24.9
1964-02-15,-0.27008575,-0.05299813,11.3,27.4
1964-03-16,-0.8208778,-0.17047024,16.0,29.300001
1964-04-16,0.4726566,0.4140848,96.9,31.7
1964-05-16,1.7786081,0.37204146,254.2,29.6
1964-06-16,-1.2414054,-0.31763348,94.5,29.1
1964-07-16,0.8415001,0.21926333,187.3,28.800001
1964-08-16,-0.4707081,-0.010316357,166.2,28.2
1964-09-16,0.78415513,0.28311917,282.7,28.1
1964-10-16,1.0757325,0.22542141,218.40001,27.800001
1964-11-16,-0.28828794,0.025309268,15.1,24.800001
1964-12-16,1.392851,-0.0030487177,11.1,23.0
1965-01-16,-0.54714763,-0.23676184,0.0,23.300001
1965-02-15,1.8643148,0.23465858,46.8,27.7
1965-03-16,0.5672216,0.113712296,43.8,28.9
1965-04-16,-0.46166974,0.24493407,52.3,30.9
1965-05-16,-0.043468714,0.026944917,147.5,30.2
1965-06-16,-0.30494118,-0.24379162,120.8,28.5
1965-07-16,-1.5627695,-0.453754,81.700005,28.800001
1965-08-16,1.2511455,0.14355263,260.80002,28.5
1965-09-16,0.09092953,-0.14840227,246.90001,27.9
1965-10-16,-0.35671753,-0.011990897,136.7,27.800001
1965-11-16,-0.5614085,-0.10731368,17.800001,26.6
1965-12-16,-0.22751433,-0.022287589,1.9,25.5
1966-01-16,1.2584507,0.21199362,18.2,26.1
1966-02-15,0.5775579,0.13947712,16.6,28.2
1966-03-16,-0.89002216,-0.15951675,14.6,30.2
1966-04-16,-1.3055383,-0.72919106,26.0,31.6
1966-05-16,1.5712723,-0.22984228,234.2,29.800001
1966-06-16,-0.5300024,0.008065019,121.1,29.2
1966-07-16,-0.5988765,-0.13111767,121.200005,28.800001
1966-08-16,0.39581826,-0.08709497,201.0,28.300001
1966-09-16,-1.7788352,-0.30805936,134.6,27.800001
1966-10-16,0.36079687,0.07759824,179.1,27.800001
1966-11-16,0.5681467,0.10765605,46.0,26.300001
1966-12-16,1.7912769,0.16975561,23.7,25.4
1967-01-16,0.55662024,0.11067286,3.9,24.2
1967-02-15,0.5957915,0.476273,13.8,26.7
1967-03-16,-1.5942165,0.022215042,1.1,28.9
1967-04-16,0.25848883,0.13638693,74.700005,30.6
1967-05-16,-0.3271591,0.059032056,130.6,30.0
1967-06-16,-1.2934505,-0.027436413,98.4,29.4
1967-07-16,-0.34137815,-0.04960315,138.1,28.9
1967-08-16,-1.3456618,-0.22932632,126.6,28.2
1967-09-16,1.5783501,0.005001623,331.1,28.2
1967-10-16,-1.1692287,-0.037983134,82.1,27.1
1967-11-16,0.9290989,0.34627193,59.600002,26.4
1967-12-16,-0.030110637,0.17013529,0.2,23.2
1968-01-16,0.31853476,-0.010693934,7.4,24.6
1968-02-15,0.8383635,-0.01379025,18.1,26.9
1968-03-16,-0.38247964,0.12201251,16.0,29.300001
1968-04-16,0.83022475,0.17512836,96.8,30.0
1968-05-16,0.32718825,0.22455253,163.0,29.9
1968-06-16,0.87854636,0.3646232,180.3,29.1
1968-07-16,-0.15591261,0.0023974592,142.7,28.800001
1968-08-16,-1.4993215,0.052405264,123.1,28.5
1968-09-16,-1.7357781,-0.31181493,144.3,28.2
1968-10-16,-0.9039126,-0.12066357,106.0,27.6
1968-11-16,-0.9765395,-0.3269788,11.5,27.0
1968-12-16,-1.9862108,-0.3106792,0.2,25.800001
1969-01-16,2.0211759,0.018415656,47.7,26.9
1969-02-15,-1.7396938,-0.60122687,0.0,28.0
1969-03-16,0.31384388,-0.019790977,36.3,30.4
1969-04-16,-0.03985833,-0.08387362,65.3,31.5
1969-05-16,0.108218014,-0.026445799,155.0,30.9
1969-06-16,0.28091434,-0.16993411,156.90001,29.300001
1969-07-16,-0.17993791,-0.03615808,132.40001,28.2
1969-08-16,0.07662456,-0.03725899,192.6,28.300001
1969-09-16,1.3681954,0.22134154,318.4,27.9
1969-10-16,-0.0960686,-0.039064124,155.2,27.9
1969-11-16,-0.15825589,0.061796915,21.5,25.300001
1969-12-16,-0.46379346,0.09618753,0.3,23.1
1970-01-16,0.23100454,-0.07002103,6.5,25.4
1970-02-15,0.019911015,0.1225262,11.7,27.2
1970-03-16,1.1033633,0.11483967,69.6,30.1
1970-04-16,0.23105797,0.11939731,73.5,30.6
1970-05-16,0.7306516,0.22055484,184.8,30.4
1970-06-16,1.7058848,0.14134708,226.2,28.9
1970-07-16,0.44215718,0.25146964,162.2,28.4
1970-08-16,0.9349735,0.31497124,229.0,27.9
1970-09-16,0.6321967,0.08543727,274.7,28.300001
1970-10-16,-0.15558183,0.017389905,142.40001,27.4
1970-11-16,0.06610203,0.18507393,24.4,25.9
1970-12-16,1.9747394,0.27852947,21.1,24.9
1971-01-16,0.35606334,0.15034026,1.6,23.5
1971-02-15,0.4642991,0.3061394,11.7,26.4
1971-03-16,0.98689353,0.26203015,43.100002,28.5
1971-04-16,-0.14868471,0.09088647,39.3,30.7
1971-05-16,1.251136,0.46942645,195.40001,29.9
1971-06-16,-0.46766883,-0.1298895,108.1,28.5
1971-07-16,-0.11274125,0.18035413,129.0,28.0
1971-08-16,2.4196062,0.6029916,348.80002,27.9
1971-09-16,-1.408201,-0.20661962,156.7,28.2
1971-10-16,-0.36342955,-0.061715007,123.9,26.9
1971-11-16,-0.5316654,-0.05947434,9.2,24.4
1971-12-16,1.1303148,0.44866142,7.7000003,24.4
1972-01-16,-0.10608762,0.10028486,0.3,23.6
1972-02-15,0.47721618,0.25757504,11.900001,27.6
1972-03-16,-0.059202004,0.2215103,20.4,28.6
1972-04-16,1.5400976,0.3370955,124.4,30.1
1972-05-16,-1.618162,-0.27235833,58.7,31.6
1972-06-16,0.091255166,-0.066966616,133.6,29.2
1972-07-16,-1.0744874,-0.28603646,91.6,29.0
1972-08-16,-0.8017414,-0.5501669,143.2,28.5
1972-09-16,0.20052494,0.15622322,246.3,28.4
1972-10-16,0.80017126,0.2891131,200.1,28.2
1972-11-16,1.5971221,0.768572,78.9,27.0
1972-12-16,2.1151047,0.8094665,21.1,24.9
1973-01-16,-1.0233353,-0.22117238,0.0,25.2
1973-02-15,-1.3867054,-0.4953655,0.0,28.300001
1973-03-16,1.9178872,0.45069572,98.200005,30.0
1973-04-16,-1.1693673,-0.3067435,12.0,32.100002
1973-05-16,1.2260548,0.1824992,190.6,30.5
1973-06-16,0.5206256,0.31371078,148.5,29.4
1973-07-16,-0.005357226,0.18536404,139.7,28.9
1973-08-16,0.21722165,0.33121908,183.40001,28.300001
1973-09-16,1.2376876,0.26366568,301.5,28.2
1973-10-16,-0.86513764,-0.13773926,96.1,27.5
1973-11-16,-0.11593908,-0.045783687,13.3,25.2
1973-12-16,0.43058336,0.20474693,0.7,22.7
1974-01-16,-0.49105814,-0.3071688,0.4,24.2
1974-02-15,-0.14232194,0.1855865,0.4,26.5
1974-03-16,1.6323857,0.90353745,78.3,28.6
1974-04-16,1.6659732,0.9262406,132.6,30.4
1974-05-16,0.59997636,0.55748796,171.3,29.4
1974-06-16,-0.73258394,0.1824818,97.4,28.9
1974-07-16,0.24067216,0.23815791,150.2,28.7
1974-08-16,0.83881736,0.39853913,214.3,28.300001
1974-09-16,-0.25504136,-0.019540364,222.8,28.2
1974-10-16,1.9184434,0.43845978,274.80002,27.7
1974-11-16,1.4903151,0.22130509,75.3,26.0
1974-12-16,0.83054495,0.30067283,1.3000001,23.9
1975-01-16,2.720204,0.46604764,75.6,25.2
1975-02-15,0.40511683,0.2336695,10.8,27.4
1975-03-16,0.33876252,0.34090295,27.7,29.7
1975-04-16,-0.8692116,-0.031782925,16.1,31.6
1975-05-16,0.5780504,0.122682616,160.8,29.9
1975-06-16,0.13541892,0.11141233,129.2,28.5
1975-07-16,0.247582,-0.011810381,150.5,28.5
1975-08-16,1.1115972,0.22037236,230.2,28.2
1975-09-16,-0.67371994,-0.20980205,206.2,27.9
1975-10-16,0.31233394,0.08380765,173.1,27.6
1975-11-16,0.8975655,0.23908739,49.0,25.7
1975-12-16,1.4760897,0.48244888,12.3,22.1
1976-01-16,-1.0233353,0.1812422,0.0,24.6
1976-02-15,1.2345415,0.29334107,26.7,27.300001
1976-03-16,0.47276405,0.14371486,31.6,29.1
1976-04-16,0.17072892,0.1198632,55.4,31.1
1976-05-16,1.4281828,0.46139675,204.8,29.300001
1976-06-16,-0.1746338,0.055189747,129.1,29.4
1976-07-16,0.3705879,0.15072726,155.90001,28.800001
1976-08-16,1.3373865,0.3984882,244.90001,27.9
1976-09-16,-0.2226591,0.14439891,224.5,28.2
1976-10-16,0.42888507,0.17381631,170.8,28.1
1976-11-16,0.15133995,0.35219043,20.6,25.0
1976-12-16,1.1878852,0.47900748,5.3,23.800001
1977-01-16,1.9020785,0.66966486,33.5,25.6
1977-02-15,0.33039358,0.15589367,6.6,26.5
1977-03-16,1.2651318,0.31582722,55.2,28.800001
1977-04-16,0.8810556,0.2180158,84.200005,30.9
1977-05-16,0.37730348,0.22604121,143.90001,30.2
1977-06-16,-2.162093,-0.12613238,47.0,30.300001
1977-07-16,0.08688494,-0.008213583,146.7,29.2
1977-08-16,-0.35788554,-0.08098237,167.8,28.800001
1977-09-16,-0.38316286,-0.008453064,216.0,28.1
1977-10-16,-0.6018865,-0.2091991,115.700005,28.300001
1977-11-16,-0.40211293,-0.24645235,12.3,25.9
1977-12-16,1.5992302,0.31016958,11.1,23.9
1978-01-16,1.2342453,0.23079367,17.7,26.300001
1978-02-15,2.4511638,0.5770856,69.0,27.6
1978-03-16,-0.7914802,-0.16363387,10.400001,30.6
1978-04-16,0.017091202,-0.06561219,49.0,31.7
1978-05-16,0.52270204,0.32437682,148.5,30.5
1978-06-16,0.80881506,0.29034805,164.6,29.5
1978-07-16,2.6750755,0.5267651,310.7,28.6
1978-08-16,-0.85003436,-0.14700346,135.0,28.300001
1978-09-16,1.2775605,0.06834023,300.7,28.0
1978-10-16,-0.28433073,-0.046502206,134.8,27.6
1978-11-16,-1.0821642,0.1240568,3.0,26.1
1978-12-16,-0.5092052,-0.0024940853,0.0,24.5
1979-01-16,-0.9738518,-0.08835361,0.3,26.7
1979-02-15,0.1579451,0.12974863,13.5,28.7
1979-03-16,-1.6436834,-0.13491493,3.3,31.1
1979-04-16,0.1894218,-0.11294428,59.3,31.9
1979-05-16,-0.36435944,-0.22119427,113.3,31.0
1979-06-16,0.89315397,0.13393214,165.5,29.300001
1979-07-16,-1.4738853,-0.26121885,79.700005,29.4
1979-08-16,-0.74130845,-0.23517124,145.7,28.7
1979-09-16,0.55913436,-0.06984941,264.7,28.5
1979-10-16,-1.8880913,-0.046694383,36.600002,27.6
1979-11-16,-1.6523482,-0.14122115,0.4,25.9
1979-12-16,-0.72503436,-0.15727255,1.7,24.300001
1980-01-16,-1.5863465,-0.6069222,0.0,25.300001
1980-02-15,0.40511683,-0.13211226,10.8,28.1
1980-03-16,0.1852251,-0.0023349782,35.9,30.5
1980-04-16,-0.12821107,-0.002370566,49.4,32.2
1980-05-16,0.8868453,-0.027045827,181.5,31.1
1980-06-16,1.2503895,0.08281514,180.6,28.800001
1980-07-16,1.2045091,0.2699489,194.2,29.1
1980-08-16,-0.23412773,-0.030201074,169.90001,28.2
1980-09-16,1.0353042,0.40285808,283.9,27.800001
1980-10-16,0.3857684,0.043104712,168.2,27.6
1980-11-16,0.6623402,0.1588174,43.100002,26.2
1980-12-16,0.5571349,-0.14689782,1.8000001,24.0
1981-01-16,0.23100469,-0.116292596,0.3,23.800001
1981-02-15,0.4900496,0.2559707,9.0,27.4
1981-03-16,-0.07569488,0.0871696,23.1,29.4
1981-04-16,1.5190169,0.5167741,125.700005,30.1
1981-05-16,1.3784943,0.32860467,198.1,29.300001
1981-06-16,1.3975759,0.13012865,185.7,28.2
1981-07-16,1.0836468,0.2611497,187.5,28.0
1981-08-16,-0.6324604,-0.01606071,147.1,27.800001
1981-09-16,-0.78322536,-0.076194435,196.8,27.800001
1981-10-16,0.13523734,-0.061441224,153.3,27.5
1981-11-16,1.9447619,0.13666919,108.0,25.800001
1981-12-16,0.7295386,0.14926536,0.3,22.7
1982-01-16,-0.14185767,-0.115971245,0.0,23.9
1982-02-15,-0.5501847,0.11359225,2.0,27.7
1982-03-16,0.045876864,0.11228748,26.1,29.7
1982-04-16,0.4003431,-0.10590925,59.4,30.0
1982-05-16,-0.14782435,-0.1684035,123.8,30.2
1982-06-16,-0.42017683,-0.36500072,110.0,28.5
1982-07-16,-0.8619413,-0.37404448,97.700005,28.1
1982-08-16,-0.8403804,-0.08992638,135.40001,27.4
1982-09-16,0.15157181,0.02472039,240.7,27.300001
1982-10-16,-0.38689032,-0.1804236,128.7,27.4
1982-11-16,0.61722964,0.17309643,44.600002,27.0
1982-12-16,0.346569,0.17032963,3.1000001,22.7
1983-01-16,1.514284,0.62788147,21.1,24.300001
1983-02-15,-0.6931496,-0.46789348,0.5,27.9
1983-03-16,-1.0865463,-0.62859166,7.6,29.9
1983-04-16,-1.7488518,-0.7895174,11.3,32.4
1983-05-16,0.0720454,-0.09998283,134.6,30.7
1983-06-16,-0.17963989,0.083149776,125.8,29.1
1983-07-16,1.1761345,0.014550932,198.8,28.800001
1983-08-16,1.4534026,0.5889151,256.2,28.0
1983-09-16,-0.796917,-0.18625093,192.90001,27.800001
1983-10-16,1.5136266,0.6159773,238.0,27.2
1983-11-16,1.8258439,0.3970473,95.200005,24.7
1983-12-16,1.3568127,0.5973238,10.6,23.2
1984-01-16,0.20084642,0.3317049,0.0,24.1
1984-02-15,2.0659947,0.6421701,49.600002,27.800001
1984-03-16,-0.65145653,0.18069814,7.1,29.2
1984-04-16,0.61298937,0.2969949,69.700005,31.1
1984-05-16,-0.131405,-0.0025386882,121.5,29.6
1984-06-16,0.718019,0.20986061,154.2,28.1
1984-07-16,0.7213778,0.24760528,169.0,28.1
1984-08-16,-1.1782241,-0.055896875,124.4,27.9
1984-09-16,-0.41851574,-0.13131434,214.1,27.300001
1984-10-16,-0.05011335,-0.09919984,142.40001,26.800001
1984-11-16,-0.25237375,0.15718,19.1,26.1
1984-12-16,-0.5092052,0.17804286,0.0,24.4
1985-01-16,0.80463386,0.21249352,10.3,25.5
1985-02-15,-0.19280687,-0.12804939,2.9,28.300001
1985-03-16,-0.5898424,-0.09915141,11.5,29.6
1985-04-16,1.0637354,0.27404782,101.5,30.7
1985-05-16,0.913527,0.26527098,170.7,29.1
1985-06-16,-0.47765535,0.10368964,104.6,28.1
1985-07-16,-0.07446198,0.045713123,133.7,27.800001
1985-08-16,-1.0758429,0.03631628,128.7,27.9
1985-09-16,0.030408401,-0.031058658,237.6,27.4
1985-10-16,0.7012817,0.08575536,187.6,27.1
1985-11-16,1.0629336,0.12243216,56.100002,26.5
1985-12-16,-0.4487286,-0.052728437,0.4,23.7
1986-01-16,-0.14185767,0.14773929,0.0,23.7
1986-02-15,-0.26140812,-0.013117665,5.2000003,27.4
1986-03-16,-1.076332,0.070440605,4.7000003,28.7
1986-04-16,1.0193628,0.23468737,95.6,30.7
1986-05-16,0.9514721,0.058505032,169.90001,29.300001
1986-06-16,-0.9453928,-0.12711442,91.700005,29.0
1986-07-16,-0.91095805,-0.27561873,95.6,28.300001
1986-08-16,0.39371485,-0.14759448,200.90001,28.2
1986-09-16,-1.228207,-0.37357295,175.3,27.9
1986-10-16,-0.39860126,-0.34335268,124.9,27.5
1986-11-16,-0.76989704,-0.36716887,6.8,26.0
1986-12-16,1.0879768,0.046331685,10.3,24.1
1987-01-16,-1.0233353,-0.3595999,0.0,25.7
1987-02-15,-0.04386232,-0.029117372,14.0,27.9
1987-03-16,0.7464443,0.0759486,46.600002,29.6
1987-04-16,0.36776868,0.013628993,88.9,31.800001
1987-05-16,-1.76542,-0.55403274,72.1,31.300001
1987-06-16,1.0376638,0.11471401,191.2,30.0
1987-07-16,-2.0465693,-0.45201254,54.5,29.9
1987-08-16,1.040883,-0.0027627123,253.8,29.1
1987-09-16,0.3199461,-0.16881481,264.80002,28.6
1987-10-16,-0.99871045,-0.33295166,106.0,28.5
1987-11-16,1.5832555,0.11067936,84.200005,27.6
1987-12-16,-0.5092052,0.028572004,0.0,22.7
1988-01-16,-1.5863465,-0.11983128,0.0,26.2
1988-02-15,-0.4120041,-0.36915493,12.8,28.9
1988-03-16,-0.69934607,-0.25214148,18.5,30.6
1988-04-16,1.6818928,0.2759151,165.1,31.5
1988-05-16,0.79334277,0.4028677,185.3,30.1
1988-06-16,1.7334521,0.77754146,228.0,29.4
1988-07-16,1.2672541,0.6024156,213.3,29.0
1988-08-16,0.6914197,0.516771,225.0,28.9
1988-09-16,-0.8646376,-0.16168039,207.5,28.800001
1988-10-16,1.5289831,0.1547421,248.5,27.6
1988-11-16,0.08407455,-0.05700564,24.9,25.300001
1988-12-16,-0.99417365,-0.106048636,0.0,23.800001
1989-01-16,-0.3166636,0.011598129,4.8,26.7
1989-02-15,-0.2013009,0.004158713,12.1,27.800001
1989-03-16,0.579913,0.016460542,41.100002,29.2
1989-04-16,-1.878187,-0.1718198,22.6,32.100002
1989-05-16,-0.4325599,0.011045948,125.5,30.4
1989-06-16,-0.37261072,-0.09493486,124.3,29.1
1989-07-16,-0.77257586,-0.13382815,110.8,29.300001
1989-08-16,-1.6098281,-0.15829842,130.7,28.7
1989-09-16,-1.450052,-0.32441545,169.2,28.6
1989-10-16,0.21646476,-0.22077541,173.6,27.7
1989-11-16,-1.1798859,-0.44499007,7.1,26.5
1989-12-16,-1.4989022,-0.29722717,0.0,23.9
1990-01-16,-1.527099,-0.3331106,0.3,26.800001
1990-02-15,-0.5035832,-0.37618592,11.8,28.7
1990-03-16,0.5480336,0.11900605,40.100002,29.7
1990-04-16,-0.33466157,-0.0951243,63.2,32.0
1990-05-16,1.4199727,-0.071434446,232.1,30.6
1990-06-16,-1.4268798,-0.10171601,80.0,29.800001
1990-07-16,-1.8906662,-0.40308207,65.6,29.2
1990-08-16,-0.51649904,-0.32969058,179.8,29.300001
1990-09-16,-0.81396276,-0.094493814,207.40001,28.800001
1990-10-16,0.77524185,0.001432676,204.7,28.0
1990-11-16,-0.06284254,-0.13052762,30.2,26.800001
1990-12-16,-0.9781661,-0.17817172,0.1,24.9
1991-01-16,-0.12987009,-0.18360367,9.400001,27.2
1991-02-15,-1.565961,-0.5897775,1.5,28.2
1991-03-16,-1.3254797,-0.65447515,12.3,31.1
1991-04-16,0.22185615,-0.29852083,85.5,32.100002
1991-05-16,-1.249108,-0.46706694,94.1,31.2
1991-06-16,-0.18715051,-0.15701526,122.4,29.7
1991-07-16,-1.2030853,-0.35701182,92.1,29.5
1991-08-16,0.4500835,0.14950082,203.6,28.5
1991-09-16,-1.5156912,-0.7235733,155.1,28.7
1991-10-16,-0.24207525,-0.14871436,146.6,27.6
1991-11-16,-1.217431,-0.5865611,6.3,26.0
1991-12-16,1.2357113,0.4630239,9.0,25.1
1992-01-16,0.8718672,0.27255863,11.3,24.800001
1992-02-15,0.31651998,-0.07084564,18.800001,27.5
1992-03-16,-1.8226639,-0.65824926,0.1,30.300001
1992-04-16,-1.4608934,-0.7234967,20.800001,32.9
1992-05-16,-1.9616954,-0.98310125,73.1,32.0
1992-06-16,-0.36258972,-0.22841969,130.90001,29.9
1992-07-16,1.754186,0.21648718,235.3,29.0
1992-08-16,-0.25782084,-0.10254435,178.2,28.6
1992-09-16,-0.24172318,-0.13468789,239.0,28.6
1992-10-16,0.22658959,0.0033123011,158.7,26.9
1992-11-16,-0.99023205,-0.15598324,5.0,25.300001
1992-12-16,1.2513518,0.134489,18.5,24.6
1993-01-16,0.3745203,-0.0588644,4.9,25.300001
1993-02-15,-1.3646988,-0.37880018,0.2,26.9
1993-03-16,1.6641505,0.4969818,92.700005,29.9
1993-04-16,-0.13076493,-0.097464554,71.0,31.4
1993-05-16,-0.8217825,-0.5492637,109.6,31.0
1993-06-16,-2.196065,-0.7618832,57.600002,30.2
1993-07-16,-1.4845419,-0.45650163,94.700005,29.800001
1993-08-16,-0.9944423,-0.300779,144.5,28.7
1993-09-16,-0.111289576,-0.17718974,242.7,28.5
1993-10-16,-1.2182952,-0.24514377,84.9,27.800001
1993-11-16,-1.3645806,-0.34462932,0.1,26.7
1993-12-16,-0.9143388,-0.4597554,0.5,24.2
1994-01-16,-2.2938912,-0.95735174,0.0,26.2
1994-02-15,-1.6002412,-0.5721827,1.2,29.300001
1994-03-16,1.7058339,0.49852532,83.0,29.2
1994-04-16,-0.21852078,0.046258155,76.9,31.800001
1994-05-16,1.8203818,0.7965824,257.80002,30.4
1994-06-16,1.5761322,0.63927084,205.6,29.1
1994-07-16,-1.2320592,-0.4193876,84.6,28.7
1994-08-16,0.6058292,-0.18309022,208.2,28.4
1994-09-16,-2.012701,-0.9748452,117.6,28.5
1994-10-16,-1.4274312,-0.84739876,82.3,27.300001
1994-11-16,-1.217431,-0.7010266,6.3,26.4
1994-12-16,-1.203936,-0.73359233,4.9,25.9
1995-01-16,0.11793308,-0.0030178165,8.5,25.9
1995-02-15,-0.71256334,-0.48906112,0.3,27.2
1995-03-16,0.2374818,-0.15996343,31.1,30.2
1995-04-16,-0.26306003,-0.19850762,50.4,31.9
1995-05-16,0.7760462,0.11064564,190.5,31.0
1995-06-16,-0.10214684,-0.053389505,147.5,30.1
1995-07-16,1.0558454,0.22008757,189.1,28.9
1995-08-16,2.0598047,0.5608805,305.2,28.1
1995-09-16,0.8553097,0.28675336,286.5,28.300001
1995-10-16,-0.32983056,0.18314636,129.0,27.6
1995-11-16,-0.14280742,0.18990813,18.800001,26.4
1995-12-16,-0.344345,0.097900406,1.1,23.800001
1996-01-16,-0.9738518,-0.020552255,0.3,25.5
1996-02-15,1.4842358,0.2432188,30.4,26.6
1996-03-16,1.3839612,0.52110815,82.8,29.800001
1996-04-16,1.7718744,0.60800505,167.7,30.5
1996-05-16,-0.47180188,0.1994123,123.6,29.5
1996-06-16,1.9305115,0.6570821,241.5,29.1
1996-07-16,0.07275261,0.24353458,146.1,28.800001
1996-08-16,0.25880057,0.15157676,197.7,28.6
1996-09-16,0.955145,0.06297502,288.80002,27.7
1996-10-16,-0.16407555,0.105539575,145.0,27.6
1996-11-16,1.7571633,0.37071764,99.3,26.800001
1996-12-16,0.3829085,0.07390565,0.3,23.6
1997-01-16,-0.5330159,0.004690036,0.1,24.6
1997-02-15,-1.3646988,-0.019403135,0.2,27.5
1997-03-16,1.3664639,0.352395,75.700005,29.4
1997-04-16,0.32147244,-0.09293467,83.700005,30.300001
1997-05-16,-1.6396891,-0.6390214,82.3,30.6
1997-06-16,-2.285604,-1.0350949,62.100002,30.300001
1997-07-16,-0.40892014,-0.5318588,122.9,29.2
1997-08-16,0.81694555,-0.10453998,219.3,28.6
1997-09-16,-0.00076123,-0.09582288,251.5,28.4
1997-10-16,-0.90391254,-0.4090133,112.200005,28.300001
1997-11-16,-0.41862556,-0.4301074,24.300001,27.1
1997-12-16,-2.5737402,-0.9118037,0.0,26.4
1998-01-16,0.25083387,0.14753525,16.0,27.300001
1998-02-15,-1.6578815,-0.9866235,3.8,29.300001
1998-03-16,-1.3837651,-0.84112036,11.2,31.300001
1998-04-16,-0.7377083,-0.38592544,54.8,32.2
1998-05-16,-0.6118534,0.023135554,132.3,31.5
1998-06-16,0.18666153,0.3625014,168.5,30.300001
1998-07-16,0.19441776,0.31747788,163.7,29.5
1998-08-16,-0.5913584,0.13058318,176.7,29.0
1998-09-16,-0.9963328,-0.16538039,196.40001,28.1
1998-10-16,-1.081136,-0.2435087,94.3,28.2
1998-11-16,0.8753895,0.41651988,57.4,26.7
1998-12-16,0.67711735,0.27002463,2.9,24.9
1999-01-16,1.3766395,0.40009648,17.7,25.7
1999-02-15,0.521765,0.25913137,15.7,27.5
1999-03-16,-0.68013966,0.08885424,15.8,30.1
1999-04-16,2.2118618,0.85448503,201.5,30.1
1999-05-16,2.26145,0.70760673,291.1,29.1
1999-06-16,-0.68841475,-0.089857444,105.4,28.5
1999-07-16,-0.62758267,-0.0043230243,120.0,28.7
1999-08-16,0.32147998,-0.13677956,200.6,28.300001
1999-09-16,-0.5250872,0.06257389,223.8,28.1
1999-10-16,0.6375113,0.12115398,189.8,27.4
1999-11-16,0.7036954,0.33350718,44.600002,26.5
1999-12-16,1.2039803,0.21154381,2.4,22.300001
2000-01-16,-0.7834403,0.22992142,1.5,26.0
2000-02-15,0.9052768,0.1786009,19.4,26.9
2000-03-16,-0.07569488,0.2544419,23.1,29.4
2000-04-16,2.116224,0.44014087,194.8,30.0
2000-05-16,1.0781412,0.29263636,202.6,29.7
2000-06-16,1.62282,0.57600033,214.7,28.7
2000-07-16,-0.93652076,0.17085095,106.9,28.800001
2000-08-16,-0.6856752,0.10184568,160.40001,28.6
2000-09-16,-1.0933633,-0.07750053,184.1,28.0
2000-10-16,0.7139461,0.1776846,197.7,27.9
2000-11-16,-1.2740773,0.057914544,5.1,26.1
2000-12-16,-1.400022,-0.06766814,0.6,25.7
2001-01-16,0.68970895,0.28499332,11.8,26.9
2001-02-15,-1.1491787,-0.25595737,2.2,28.2
2001-03-16,2.1019347,0.33891085,104.4,29.1
2001-04-16,-1.6208333,-0.16194353,24.800001,32.4
2001-05-16,1.5245448,0.45809442,227.5,29.5
2001-06-16,-0.23474751,-0.051328953,126.700005,28.800001
2001-07-16,-0.87597436,-0.14738555,106.4,28.7
2001-08-16,0.7351643,0.033413168,221.1,28.300001
2001-09-16,-1.3542554,-0.16792779,169.8,28.4
2001-10-16,0.34077173,0.009990409,177.90001,27.800001
2001-11-16,-0.46017447,-0.0586364,17.1,24.9
2001-12-16,0.24722485,-0.0050373487,2.3,24.2
2002-01-16,0.8978396,0.22257073,14.8,25.2
2002-02-15,-0.4850939,0.000591267,5.8,28.2
2002-03-16,1.3916683,0.3404627,73.9,29.7
2002-04-16,-0.33199102,-0.055836167,60.2,31.2
2002-05-16,0.93503374,0.13398115,190.6,29.800001
2002-06-16,-1.1566501,-0.47253492,98.200005,29.5
2002-07-16,-1.0310755,-0.5174022,102.8,29.300001
2002-08-16,1.2282505,0.04698581,243.8,28.0
2002-09-16,0.8980223,0.34017366,288.80002,27.7
2002-10-16,-0.6084072,-0.116763234,130.8,28.0
2002-11-16,1.4258295,0.5808249,80.8,26.9
2002-12-16,2.0399485,0.7252555,28.7,26.1
2003-01-16,0.5151254,0.27428788,9.6,25.1
2003-02-15,0.77405745,0.03147917,23.1,27.9
2003-03-16,1.6890141,0.17575796,85.0,29.1
2003-04-16,-0.8922586,-0.23465274,49.4,31.6
2003-05-16,-1.2758187,-0.42442566,95.8,30.6
2003-06-16,1.2188344,0.5380738,191.3,29.300001
2003-07-16,0.7605261,0.29729238,180.2,28.7
2003-08-16,-1.0997123,-0.0138981715,143.2,28.800001
2003-09-16,0.4623114,-0.06257652,265.9,28.2
2003-10-16,-1.6478924,-0.33427548,56.2,28.0
2003-11-16,-1.9887516,-0.7968059,0.0,27.5
2003-12-16,-0.99417365,-0.508084,0.0,24.1
2004-01-16,-0.47721663,-0.21383509,3.6000001,25.800001
2004-02-15,1.477529,0.287949,36.4,26.9
2004-03-16,-1.5887419,-0.13553506,4.3,30.2
2004-04-16,-1.1076102,0.15110229,42.0,31.9
2004-05-16,0.27855107,0.14091936,160.5,29.9
2004-06-16,1.8304069,0.45546368,222.1,28.800001
2004-07-16,0.56263846,0.063238315,170.8,28.7
2004-08-16,-1.676089,-0.31291217,115.4,28.300001
2004-09-16,-0.20737651,-0.348194,231.5,28.1
2004-10-16,-2.1207929,-0.8297524,25.5,27.800001
2004-11-16,-1.4657999,-0.63259137,7.3,27.2
2004-12-16,-1.4989022,-0.3394217,0.0,24.0
2005-01-16,0.6440956,-0.017852144,11.2,25.5
2005-02-15,-2.0952134,-0.97511804,0.2,29.1
2005-03-16,0.49596226,-0.13594846,41.600002,29.5
2005-04-16,0.3103305,-0.10946084,83.200005,31.4
2005-05-16,-1.7232293,-0.05460074,65.200005,30.800001
2005-06-16,0.8701701,0.29891664,176.8,29.4
2005-07-16,-0.38962623,-0.16575377,126.8,28.7
2005-08-16,-0.51167524,-0.066735156,164.5,28.6
2005-09-16,1.4537721,0.31648633,320.4,28.0
2005-10-16,-1.0974296,-0.13859813,93.200005,28.0
2005-11-16,0.7441639,0.2231419,49.2,26.800001
2005-12-16,1.5677931,0.269648,10.6,24.2
2006-01-16,-1.5863465,-0.08794426,0.0,25.7
2006-02-15,1.1684728,0.52363276,31.300001,28.2
2006-03-16,0.22266129,0.14412877,33.8,30.0
2006-04-16,1.3148961,0.30407247,137.40001,30.800001
2006-05-16,1.4728392,0.513144,223.6,29.4
2006-06-16,0.7507069,0.063688956,177.40001,29.1
2006-07-16,-0.45953554,-0.05522938,117.700005,28.6
2006-08-16,0.6933359,0.085882396,215.8,28.1
2006-09-16,0.5552752,-0.09284234,276.9,27.9
2006-10-16,0.8141373,0.004553195,213.40001,28.0
2006-11-16,-1.7575096,-0.2768938,4.5,27.7
2006-12-16,-1.4493915,-0.7602288,0.3,24.7
2007-01-16,-0.957529,-0.4505879,0.4,25.7
2007-02-15,-1.5205944,-0.40349132,1.9,27.7
2007-03-16,-1.2991358,-0.4903952,3.5,30.300001
2007-04-16,0.4997504,0.15772757,82.700005,30.9
2007-05-16,1.965959,0.56572175,261.6,29.1
2007-06-16,0.6872528,0.35464552,177.6,29.6
2007-07-16,-0.7702133,0.05071948,114.0,28.6
2007-08-16,-1.4784844,-0.015776752,124.0,28.5
2007-09-16,-0.74359095,-0.11485749,205.3,28.2
2007-10-16,0.06901,-0.07928467,155.6,27.4
2007-11-16,-0.40623546,0.07230019,15.3,25.4
2007-12-16,-1.4989022,-0.13915807,0.0,25.6
2008-01-16,1.1374042,0.21619858,18.9,25.6
2008-02-15,1.6762047,0.36863008,33.5,26.9
2008-03-16,-0.36003324,0.20712651,16.5,29.300001
2008-04-16,1.1918681,0.56967276,122.4,30.6
2008-05-16,0.06600114,0.14688307,134.3,29.1
2008-06-16,-0.17963977,0.118159145,135.1,28.800001
2008-07-16,-0.10316258,-0.011463456,138.7,28.4
2008-08-16,-1.2374216,-0.178552,137.40001,28.4
2008-09-16,-0.08035678,0.13903785,238.1,27.800001
2008-10-16,1.3016416,0.19719395,237.5,28.0
2008-11-16,0.70369524,0.25976154,47.7,25.9
2008-12-16,0.7603714,0.38564882,6.8,23.7
2009-01-16,-0.12986945,0.36114842,0.1,23.7
2009-02-15,-1.6463006,0.043647204,0.8,28.4
2009-03-16,1.1150125,0.17410637,57.7,29.4
2009-04-16,1.1115853,0.2370253,120.1,30.800001
2009-05-16,1.2628536,0.3764427,211.7,29.5
2009-06-16,1.2113568,-0.067118876,197.1,29.0
2009-07-16,0.39082086,-0.010960165,153.7,28.5
2009-08-16,1.1034876,0.11135177,251.40001,29.0
2009-09-16,-0.38689393,0.048907463,228.2,28.2
2009-10-16,0.6567196,0.088538274,194.1,28.0
2009-11-16,-1.2693417,-0.4313717,5.2000003,26.6
2009-12-16,-1.4823827,-0.40191194,0.1,25.5
2010-01-16,1.7809272,0.60291797,29.1,26.5
2010-02-15,-1.6578802,-0.686867,0.7,29.2
2010-03-16,-1.030547,-0.44884905,8.7,30.300001
2010-04-16,-1.6299382,-0.7559819,21.4,32.3
2010-05-16,-1.7126327,-0.6364088,72.0,31.7
2010-06-16,1.3268028,0.3246146,218.90001,30.2
2010-07-16,1.0818019,0.36540434,196.7,29.2
2010-08-16,1.3891482,0.617935,257.80002,28.1
2010-09-16,-0.75224096,0.02846494,207.90001,28.300001
2010-10-16,1.0052023,0.29521865,207.40001,27.300001
2010-11-16,-1.3025489,-0.29330808,1.4,26.6
2010-12-16,0.9820186,0.39621878,12.2,25.4
2011-01-16,0.117933236,0.32891107,2.3,24.7
2011-02-15,0.67275965,0.40184838,18.2,27.800001
2011-03-16,2.1939733,0.9882574,103.8,27.7
2011-04-16,1.6584834,1.1536483,150.5,30.0
2011-05-16,1.6082343,0.8133513,234.0,29.7
2011-06-16,1.3818194,0.7519014,194.1,28.9
2011-07-16,2.061831,0.4411905,258.80002,28.300001
2011-08-16,1.3891482,0.44134295,257.80002,28.2
2011-09-16,-0.525087,-0.08551474,211.40001,27.800001
2011-10-16,0.7360352,0.2834051,199.1,27.6
2011-11-16,-1.1845695,0.16130224,13.2,27.2
2011-12-16,-0.3295925,0.07235016,1.2,24.300001
2012-01-16,1.4022275,0.5463151,18.300001,26.5
2012-02-15,-0.26140785,0.17370509,8.3,28.5
2012-03-16,0.1048089,0.36445916,30.7,30.1
2012-04-16,0.12111418,0.14266075,75.0,31.300001
2012-05-16,0.061969187,0.14869173,146.5,30.0
2012-06-16,-0.7178822,0.10280408,104.200005,29.1
2012-07-16,-0.23769484,-0.041445658,126.9,28.5
2012-08-16,-1.1592283,-0.13837053,137.6,28.5
2012-09-16,0.75209767,0.23438181,281.0,27.9
2012-10-16,-0.4219831,0.04189421,142.1,28.300001
2012-11-16,1.0248286,0.18463726,63.7,27.800001
2012-12-16,-0.6009552,-0.030809026,2.5,26.5
2013-01-16,1.3099701,0.34310746,22.4,26.1
2013-02-15,0.3025567,0.09050222,12.400001,28.7
2013-03-16,0.62369967,0.12631641,45.600002,30.2
2013-04-16,-0.34000605,0.2500724,53.7,31.6
2013-05-16,-0.97807324,-0.07808357,111.1,31.0
2013-06-16,-0.13711429,0.13288717,130.6,28.9
2013-07-16,0.93993837,0.36753932,179.90001,28.300001
2013-08-16,0.6914198,0.1178408,218.8,28.7
2013-09-16,1.2671905,0.24633615,306.30002,27.800001
2013-10-16,0.79239464,0.19643417,202.7,27.5
2013-11-16,0.3238138,0.30723578,35.0,27.1
2013-12-16,0.511885,0.10654551,1.4,22.6
2014-01-16,-0.14185767,0.07512701,0.0,23.300001
2014-02-15,-0.98248106,0.17745139,0.7,27.5
2014-03-16,-0.08812196,0.08243361,25.9,30.0
2014-04-16,0.7871326,0.031516332,103.700005,31.4
2014-05-16,-0.6815138,-0.16260004,122.700005,31.0
2014-06-16,-0.21470097,-0.4842893,130.6,29.6
2014-07-16,-0.620411,-0.097570315,117.200005,29.0
2014-08-16,1.1722806,0.27246246,249.5,28.5
2014-09-16,-1.3413239,-0.27028978,173.8,28.300001
2014-10-16,-0.5511435,-0.31750455,128.1,27.9
2014-11-16,-0.6386835,-0.23441671,19.1,27.6
2014-12-16,0.46575776,-0.1938873,7.2000003,25.2
2015-01-16,1.3190916,0.15724292,16.4,24.4
2015-02-15,0.12792133,-0.21097326,10.0,27.5
2015-03-16,1.0192902,-0.20623535,56.8,30.4
2015-04-16,-0.6473538,-0.32950693,45.600002,31.1
2015-05-16,-2.0607483,-0.84233737,61.0,31.6
2015-06-16,-2.0278056,-0.7076989,66.4,30.2
2015-07-16,0.056236546,-0.09950726,151.6,29.5
2015-08-16,-0.28632325,-0.040467177,186.3,28.800001
2015-09-16,-0.115150325,-0.17138237,242.5,28.4
2015-10-16,0.22321554,0.009546269,170.90001,28.1
2015-11-16,-0.26430795,-0.19109537,31.2,28.1
2015-12-16,1.3999604,0.09775458,17.4,26.300001
2016-01-16,1.332637,0.4329724,19.800001,26.2
2016-02-15,-1.3867054,-0.63463897,0.0,27.2
2016-03-16,-0.73311824,-0.66593117,14.7,30.7
2016-04-16,-1.7795184,-0.9151579,22.7,33.3
2016-05-16,-0.7264127,-0.7184872,123.6,31.800001
2016-06-16,-0.2924057,-0.26220027,133.7,29.7
2016-07-16,-0.20880154,-0.089052506,140.5,29.4
2016-08-16,-0.13294165,0.38029554,180.40001,28.4
2016-09-16,-0.07454836,0.10008733,241.5,28.7
2016-10-16,1.663931,0.40021193,268.6,28.1
2016-11-16,0.99968547,0.26961264,59.5,27.7
2016-12-16,0.10488804,0.22289814,1.2,25.5
2017-01-16,1.9815282,0.3048833,30.5,26.4
2017-02-15,-0.95178056,-0.1440671,4.1,27.5
2017-03-16,1.0242167,0.52048594,60.100002,29.800001
2017-04-16,-0.5747022,-0.12809163,45.100002,31.0
2017-05-16,2.6539655,0.5976766,343.5,29.9
2017-06-16,2.331326,0.55473477,269.7,29.300001
2017-07-16,-0.038669694,0.09293756,144.5,28.7
2017-08-16,1.5694544,0.4031765,277.30002,28.800001
2017-09-16,0.26906765,0.1441989,265.30002,29.0
2017-10-16,1.6146249,0.53487,261.5,28.2
2017-11-16,0.47550595,0.222115,33.600002,27.0
2017-12-16,2.249848,0.519114,27.5,24.7
2018-01-16,0.65179807,0.25968993,5.1,26.2
2018-02-15,0.9253121,0.5246784,19.800001,27.1
2018-03-16,0.5608459,0.2543218,34.3,29.7
2018-04-16,1.616031,0.43891662,149.7,30.300001
2018-05-16,-0.2652015,0.19955628,127.4,29.9
2018-06-16,0.061699778,0.3409833,135.5,29.1
2018-07-16,0.6396591,0.1463076,162.0,28.7
2018-08-16,0.17081021,0.016309902,184.40001,28.0
2018-09-16,-1.8944455,-0.6260366,131.1,28.4
2018-10-16,-0.60351723,-0.36259213,131.1,28.5
2018-11-16,-0.21286258,0.0428364,26.300001,27.6
2018-12-16,1.0180382,0.41859126,9.5,26.6
2019-01-16,0.46382952,0.2038004,5.9,26.6
2019-02-15,0.4382109,0.08119439,20.6,29.1
2019-03-16,-1.4532409,0.053048823,6.8,30.5
2019-04-16,-0.906688,-0.5092638,36.5,32.3
2019-05-16,0.26093826,-0.33975345,165.8,31.4
2019-06-16,-0.70315903,-0.02921437,117.200005,29.800001
2019-07-16,-1.6398971,-0.5097957,74.9,29.6
2019-08-16,0.08792855,-0.4520442,183.8,28.4
2019-09-16,-1.1874738,-0.40640238,184.2,28.2
2019-10-16,-1.2240272,-0.49884152,93.8,28.800001
2019-11-16,-0.90846467,-0.5154016,16.1,27.300001
2019-12-16,-1.4989022,-0.5457315,0.0,24.9
2020-01-16,-1.5467147,-0.27246252,0.2,27.4
2020-02-15,-1.2236899,-0.48771745,4.6,28.4
2020-03-16,-0.083974086,-0.7515825,32.2,30.9
2020-04-16,-1.0812249,-0.6153733,30.5,31.7
2020-05-16,-0.74676996,0.060686436,122.6,31.6
2020-06-16,0.81947196,0.4608667,180.6,29.6
2020-07-16,-1.0012219,0.13088183,113.4,29.7
2020-08-16,1.0291615,0.29181173,237.6,28.9
2020-09-16,-0.5541072,0.16486402,219.1,28.800001
2020-10-16,1.3166552,0.42405456,223.1,27.0
2020-11-16,-1.082164,-0.009792995,6.1,27.300001
2020-12-16,-0.5092052,0.037957657,0.0,25.2
2021-01-16,0.31853518,0.1489768,4.3,24.7
2021-02-15,0.34417796,0.2607264,19.2,27.5
2021-03-16,-0.47347477,0.5588443,17.1,30.5
2021-04-16,2.1428704,0.51588535,195.2,30.2
2021-05-16,-1.3908877,0.4503348,83.5,30.9
2021-06-16,-0.9286758,0.32466024,107.9,30.0
2021-07-16,0.9956137,-0.12911141,189.0,29.1
2021-08-16,-1.2987128,0.23782922,141.0,29.1
2021-09-16,0.8553097,-0.07438545,286.5,27.9
2021-10-16,0.9092082,-0.038995896,207.2,27.800001
2021-11-16,-0.79204744,0.36202136,9.400001,27.300001
2021-12-16,-0.5092052,0.16453716,0.0,24.800001
2022-01-16,1.1267356,0.5543944,21.800001,26.4
2022-02-15,2.259464,0.15419485,56.8,27.5
2022-03-16,1.3858919,0.4779305,64.3,30.0
2022-04-16,1.0824147,0.6566127,112.0,30.6
2022-05-16,1.4295485,0.55576986,211.1,29.2
2022-06-16,0.79812545,0.7413314,185.8,29.6
2022-07-16,1.7273496,0.39167717,239.6,29.0
2022-08-16,0.69333583,0.16133866,222.0,28.4
2022-09-16,1.5993118,0.3225207,329.30002,27.9
2022-10-16,0.48984572,0.32734528,186.90001,27.4
2022-11-16,1.5035168,0.36380047,88.5,27.2
2022-12-16,0.6982418,0.060430016,6.2000003,24.7
2023-01-16,0.790777,0.2377627,7.0,25.1
2023-02-15,0.5027977,0.04015563,12.3,27.9
2023-03-16,0.017950203,0.24600501,28.5,29.800001
2023-04-16,-1.1546395,0.0991694,21.800001,32.600002
2023-05-16,-1.5748633,-0.054257024,79.700005,31.7
2023-06-16,-0.9167113,-0.02252086,114.6,30.2
2023-07-16,-1.5375199,-0.30319616,86.0,29.9
2023-08-16,-1.3175133,0.15780833,137.1,29.300001
2023-09-16,0.17506625,0.0062878095,251.2,28.5
2023-10-16,1.5808979,-0.06402107,255.7,28.4
2023-11-16,-0.6171058,-0.15675241,19.6,27.4
2023-12-16,-0.09952558,0.2952976,5.9,26.5
