time,spei,spei_predicted,pre,tmp
1901-01-16,0.012944305,,7.1,26.1
1901-02-15,0.30498546,,11.900001,28.2
1901-03-16,0.07427267,,26.6,29.7
1901-04-16,-0.04970538,,60.3,31.9
1901-05-16,0.23017356,,167.0,30.4
1901-06-16,-0.3100781,,125.1,29.9
1901-07-16,-0.124335006,,135.1,29.2
1901-08-16,-0.046425905,,178.90001,28.9
1901-09-16,-0.14674796,,224.2,28.300001
1901-10-16,0.19487876,,167.7,28.1
1901-11-16,0.24364568,,35.7,26.7
1901-12-16,0.24406174,,4.4,24.2
1902-01-16,0.024461973,-0.02992989876698867,4.1,25.4
1902-02-15,-0.04294405,-0.06722806680712594,7.8,28.0
1902-03-16,-0.14708665,-0.13254737552103799,24.7,30.0
1902-04-16,0.1636864,0.17954368660951936,64.6,31.7
1902-05-16,-0.7947305,-0.7850168315358518,112.700005,30.7
1902-06-16,-0.99321157,-1.0222626245358792,97.4,29.5
1902-07-16,-1.1945151,-1.1995462508460413,96.0,29.300001
1902-08-16,-0.2213566,-0.19033837614957827,169.3,28.800001
1902-09-16,0.2540016,0.3669969962697529,246.8,28.6
1902-10-16,-0.23751524,-0.28980197551264825,142.8,28.4
1902-11-16,0.22270338,0.0929696801220297,32.0,26.7
1902-12-16,0.87340564,0.9072499923052877,9.3,24.300001
1903-01-16,0.06987647,0.08894109698604022,4.5,25.300001
1903-02-15,-0.37728623,-0.19642190764603415,7.4,28.2
1903-03-16,-0.63265944,-0.5213431690198316,14.7,29.800001
1903-04-16,-0.9847357,-0.9466162597978247,31.2,31.7
1903-05-16,0.21077481,0.26095686574895466,162.90001,30.9
1903-06-16,0.62732315,0.5832665063583083,155.7,29.5
1903-07-16,-0.6861681,-0.703688521418648,114.8,29.1
1903-08-16,-0.11345125,-0.14030310573667032,176.40001,28.9
1903-09-16,-0.33810595,-0.3322154686451612,214.7,28.6
1903-10-16,-0.007262018,-0.0801466328258,153.0,28.2
1903-11-16,-0.13080807,-0.16349663905001177,22.5,26.6
1903-12-16,1.5824566,1.3857286184115425,13.400001,24.2
1904-01-16,0.024461973,-0.0301268794319716,4.1,25.300001
1904-02-15,-0.4994764,-0.42851877719571274,6.2000003,27.9
1904-03-16,-0.20710826,-0.17377193671717053,23.4,29.800001
1904-04-16,0.91372895,0.8133818331687018,95.6,31.2
1904-05-16,0.6165376,0.5120910148620919,184.6,30.6
1904-06-16,-0.635657,-0.5703229150547853,110.5,29.4
1904-07-16,-1.0457752,-1.0701024910834116,101.6,29.0
1904-08-16,-1.4813646,-1.4575100698614176,124.4,28.9
1904-09-16,0.08902772,0.08730184112386193,235.7,28.5
1904-10-16,0.03105673,0.024904018973278326,155.2,28.2
1904-11-16,1.1471487,1.1466355921999978,68.1,26.5
1904-12-16,0.0866967,0.01371325126647784,3.3,24.2
1905-01-16,0.16832522,0.18621393867464522,5.4,25.1
1905-02-15,0.08986677,-0.16110264460925874,6.2000003,27.9
1905-03-16,0.6618564,0.6018289934555754,45.2,30.0
1905-04-16,-0.26871327,-0.3697503144893257,50.0,31.6
1905-05-16,0.59322697,0.5168234172609203,183.3,30.7
1905-06-16,-0.058517724,-0.06992466147395714,130.8,29.4
1905-07-16,0.35405174,0.2928395312022415,153.1,29.300001
1905-08-16,-0.30265403,-0.35278733367511467,166.3,28.9
1905-09-16,-0.14674796,-0.18982649806022667,224.2,28.7
1905-10-16,-0.21172437,-0.20716805428551907,141.2,28.2
1905-11-16,0.5102078,0.6467595683799178,43.8,26.800001
1905-12-16,-0.015938127,-0.02227736669185003,2.6000001,24.300001
1906-01-16,0.047299404,-0.002657274328783728,4.3,25.300001
1906-02-15,0.08986677,-0.1277763142967096,6.2000003,27.9
1906-03-16,-0.32526705,-0.41663862435754223,14.7,29.300001
1906-04-16,-0.85335565,-1.0181255638545434,32.0,31.7
1906-05-16,-0.2371897,-0.27434987724967697,140.40001,31.1
1906-06-16,-0.40987718,-0.3506731594905576,118.5,29.5
1906-07-16,0.39470342,0.3618363052659013,154.7,29.2
1906-08-16,-0.20783256,-0.15242924449271267,169.8,28.800001
1906-09-16,0.16119976,0.10981635933125738,239.2,28.7
1906-10-16,-0.34852967,-0.26223905099641,136.3,28.1
1906-11-16,0.026764182,0.07258288137133813,29.7,26.6
1906-12-16,-0.015938127,0.054696152851173394,2.6000001,24.300001
1907-01-16,0.87493646,0.8397867129545004,13.7,25.300001
1907-02-15,-0.17263079,-0.1274185890606402,6.4,27.9
1907-03-16,1.7001203,1.543524672696495,88.700005,29.7
1907-04-16,-0.86341923,-0.8788895214951766,34.8,31.6
1907-05-16,0.648584,0.6306333634023011,186.40001,30.4
1907-06-16,-0.40703195,-0.37205339881086186,118.6,29.5
1907-07-16,-1.0001144,-1.026160222845046,103.3,29.0
1907-08-16,-1.456929,-1.4471437152428235,125.4,28.800001
1907-09-16,-1.0176479,-0.9795842041293217,178.2,28.7
1907-10-16,0.36661333,0.2916026375705243,174.5,28.0
1907-11-16,0.56543326,0.4676330718727276,42.5,26.5
1907-12-16,0.10120883,0.08920547888327364,3.4,24.1
1908-01-16,0.2618101,0.20832494096986362,6.3,25.2
1908-02-15,0.1327163,0.1696562777112943,9.8,27.7
1908-03-16,-0.6020821,-0.4969673426839842,15.3,29.800001
1908-04-16,0.5750431,0.5061175446013376,80.4,31.6
1908-05-16,0.37369397,0.4237153875429273,171.40001,30.5
1908-06-16,0.20458442,0.13925439420447658,140.1,29.4
1908-07-16,0.585013,0.6558845614721492,162.40001,29.0
1908-08-16,0.67984307,0.7379928862855226,207.7,28.6
1908-09-16,0.17563953,0.10475487446696193,239.90001,28.4
1908-10-16,0.271384,0.2873222686440364,169.0,28.1
1908-11-16,0.9040899,0.879831886308448,57.8,26.5
1908-12-16,0.3414142,0.3344422378008158,5.1,24.2
1909-01-16,0.17895287,0.17689894469181233,5.5,25.2
1909-02-15,-0.07943605,-0.03673270099526552,7.4,28.0
1909-03-16,-0.33968064,-0.28842838108560653,20.6,29.800001
1909-04-16,-0.4265225,-0.4704814115136324,45.0,31.300001
1909-05-16,-0.04793053,0.03166404845193631,149.8,30.5
1909-06-16,-0.7273874,-0.7453943671626283,107.200005,29.4
1909-07-16,0.2924083,0.20393159513933742,150.7,29.0
1909-08-16,0.9520638,0.9681123663500935,216.8,28.7
1909-09-16,-0.142678,-0.07662818152456476,224.40001,28.5
1909-10-16,-0.03858433,-0.017770077748848374,151.2,28.0
1909-11-16,1.5951728,1.5276312177610636,91.9,26.5
1909-12-16,-0.015938127,0.05232119940274136,2.6000001,24.1
1910-01-16,1.009341,0.8885798142638445,15.8,25.1
1910-02-15,0.4724058,0.5988894963474587,17.2,28.0
1910-03-16,0.44449577,0.472241044454483,39.0,29.5
1910-04-16,0.6671172,0.6122811819938362,84.3,31.2
1910-05-16,0.07151047,0.060168369382378385,158.90001,30.7
1910-06-16,0.7506674,0.6667898742363729,160.5,29.4
1910-07-16,-0.5560762,-0.6293048718067167,119.5,29.2
1910-08-16,1.2241454,1.2190383912816734,233.3,28.800001
1910-09-16,0.041657828,0.038013430167809566,236.5,28.4
1910-10-16,0.090321064,0.09342381119749017,158.6,28.0
1910-11-16,0.067760214,0.08786198506100264,30.800001,26.6
1910-12-16,0.9864365,0.9569394413798317,10.3,24.1
1911-01-16,0.97235876,0.860166018018046,15.2,25.2
1911-02-15,-0.7436678,-0.6586027238634323,0.8,27.800001
1911-03-16,-0.39782408,-0.3519866785642451,19.4,29.800001
1911-04-16,0.10441615,0.16449561817148953,62.5,31.2
1911-05-16,-0.37688702,-0.36940639148178533,133.5,30.6
1911-06-16,-0.5430272,-0.47755620731646403,113.8,29.4
1911-07-16,-1.1284412,-1.129600584059028,98.5,29.1
1911-08-16,-1.781108,-1.6519192831796463,108.700005,28.800001
1911-09-16,0.9726645,0.8540617412267342,279.6,28.5
1911-10-16,-0.33153734,-0.36530834621848,134.2,28.0
1911-11-16,-1.0246848,-1.0444590412301402,1.8000001,26.800001
1911-12-16,-0.31746134,-0.27459760417813833,0.6,24.300001
1912-01-16,0.035913423,0.026962071786362188,4.2000003,25.0
1912-02-15,-0.61467326,-0.5494920799436478,2.0,28.0
1912-03-16,-0.09708117,-0.03676434333832936,22.7,29.7
1912-04-16,-0.2593845,-0.3669678439507654,50.3,31.7
1912-05-16,-0.5164639,-0.426589317941895,126.6,30.800001
1912-06-16,-0.32721308,-0.29684304185731175,118.3,29.4
1912-07-16,0.18273559,0.18365108718273945,146.5,29.0
1912-08-16,0.5974493,0.559281966908449,204.2,28.7
1912-09-16,-1.6611704,-1.6379829758592155,136.40001,28.5
1912-10-16,-0.06465942,-0.0129763152147548,152.8,28.1
1912-11-16,1.5474726,1.4547284339997262,89.0,26.6
1912-12-16,-0.40962383,-0.3324655448891169,0.0,24.300001
1913-01-16,0.10325998,0.09544493570764802,4.8,25.300001
1913-02-15,1.443517,1.3564987706479743,32.0,28.0
1913-03-16,-0.7722612,-0.5666370907566046,12.0,29.9
1913-04-16,-0.8131788,-0.7352295502517951,33.2,31.6
1913-05-16,0.7757516,0.675787878435725,196.8,30.9
1913-06-16,-0.30150715,-0.22780500794028327,122.3,29.4
1913-07-16,0.12711224,0.2717174648739357,147.5,29.0
1913-08-16,1.0382625,0.9689748168488755,224.0,28.9
1913-09-16,-1.2363453,-1.226738570843054,165.0,28.5
1913-10-16,-1.2376375,-1.382911248121446,79.200005,28.1
1913-11-16,1.8599604,1.704034605897987,110.0,26.6
1913-12-16,0.28606352,0.2759577066527397,4.7000003,24.2
1914-01-16,1.6259992,1.4697103545233696,29.2,25.2
1914-02-15,0.35194808,0.3912199912422836,12.5,27.800001
1914-03-16,1.2479002,1.2077068875155466,66.1,29.800001
1914-04-16,-0.5361116,-0.5155846611268057,41.600002,31.5
1914-05-16,-0.29992372,-0.3613497496105863,137.3,30.7
1914-06-16,0.092073716,0.05155969605410492,136.1,29.4
1914-07-16,0.96907693,1.027511116841951,179.3,29.0
1914-08-16,-0.07051176,-0.14961705091794325,178.0,28.7
1914-09-16,-0.8401995,-0.6128298773823214,191.40001,28.7
1914-10-16,0.09032083,0.14642614122351044,161.7,28.4
1914-11-16,1.1206124,1.149567454032758,66.9,26.9
1914-12-16,-0.015938127,0.0521365736201347,2.6000001,24.300001
1915-01-16,-0.50529826,-0.4869858562858312,0.0,25.4
1915-02-15,-0.4891535,-0.47549090728460086,3.2,28.1
1915-03-16,-0.84587413,-0.6860984411757087,10.6,30.0
1915-04-16,0.514068,0.5048126676525042,81.0,31.6
1915-05-16,-0.26551074,-0.2838892098861842,142.1,30.9
1915-06-16,-0.13849509,-0.09416914639045136,128.0,29.7
1915-07-16,-0.8181463,-0.6359277180413326,113.1,29.300001
1915-08-16,-0.5876127,-0.5494842768600418,155.8,28.6
1915-09-16,-0.5168136,-0.4194909450799955,208.7,28.800001
1915-10-16,1.8022637,1.7933544063334852,272.0,28.1
1915-11-16,0.18742976,0.32171758994656957,34.100002,26.6
1915-12-16,1.2075102,1.2759175009058954,12.400001,24.0
1916-01-16,-0.36473477,-0.3840796287303029,1.0,24.9
1916-02-15,-0.36727265,-0.29175627038740576,4.4,27.800001
1916-03-16,1.2850809,1.2319090323130653,67.700005,29.9
1916-04-16,-1.0118221,-1.0115221414248179,27.300001,31.4
1916-05-16,-0.40523848,-0.3746228787286265,135.2,30.7
1916-06-16,0.27422076,0.3138991938377299,145.7,29.5
1916-07-16,0.16160406,0.2177469127118119,145.7,29.1
1916-08-16,1.9806985,1.9141439590481162,279.7,28.800001
1916-09-16,1.5731026,1.5589702474137634,316.2,28.6
1916-10-16,0.6258183,0.5626730779682823,192.8,28.1
1916-11-16,0.3625005,0.49259534608883937,39.2,26.6
1916-12-16,0.35513285,0.3569356331447937,5.2000003,24.0
1917-01-16,-0.37844715,-0.39649815238522945,0.90000004,24.9
1917-02-15,-0.7436678,-0.7216644347794635,0.8,27.9
1917-03-16,0.33872816,0.25029122511721186,36.2,29.7
1917-04-16,-1.6859608,-1.6155362731606866,7.7000003,31.5
1917-05-16,-1.3926736,-1.3915657068818192,81.3,30.6
1917-06-16,0.5643432,0.535004476206863,156.40001,29.5
1917-07-16,-0.33955392,-0.27384546662743225,127.3,29.0
1917-08-16,1.1477976,1.1757320324051397,229.40001,28.800001
1917-09-16,0.21070439,0.25472465614335954,244.7,28.5
1917-10-16,2.148529,2.1062597370191605,300.30002,28.0
1917-11-16,-1.052551,-1.0156130548375155,4.3,26.6
1917-12-16,0.40951946,0.3789031593866103,5.6,24.0
1918-01-16,-0.50529826,-0.45697830118952526,0.0,24.800001
1918-02-15,0.87873083,1.0052255939671562,23.4,27.6
1918-03-16,-0.15625606,-0.14829447019877776,24.5,29.800001
1918-04-16,-0.5719167,-0.4660165374167172,43.600002,31.5
1918-05-16,1.0726905,1.033055333600247,215.0,30.5
1918-06-16,-1.3002206,-1.3739617824582886,85.5,29.300001
1918-07-16,-2.1546834,-2.061700148546984,56.9,29.2
1918-08-16,0.51321465,0.4829950780816988,200.7,28.7
1918-09-16,0.4142997,0.36764247070181155,251.5,28.6
1918-10-16,-1.4362838,-1.447097735782435,61.4,28.1
1918-11-16,-0.4289396,-0.48907574022625966,15.2,26.6
1918-12-16,-0.21076961,-0.1518868148139196,1.3000001,24.2
1919-01-16,-0.50529826,-0.4255173168914339,0.0,25.4
1919-02-15,0.7637309,0.8151045526590214,18.4,28.0
1919-03-16,0.71757656,0.7928650092446149,43.8,29.800001
1919-04-16,-0.21299416,-0.11826744934551907,51.8,31.6
1919-05-16,-0.9147436,-0.9385977943034081,106.6,30.800001
1919-06-16,-0.3528977,-0.3342473119072618,120.5,29.4
1919-07-16,0.65663874,0.7586441246175334,168.5,29.2
1919-08-16,-0.92474514,-0.9042109473174793,146.3,28.9
1919-09-16,-1.7770166,-1.705355974371722,130.90001,28.800001
1919-10-16,-1.3513317,-1.2811979694122728,70.9,28.300001
1919-11-16,1.1405561,1.1222382864082023,67.8,26.6
1919-12-16,-0.37884235,-0.3724232062409019,0.2,24.300001
1920-01-16,0.092195995,0.16506008317105722,4.7000003,25.2
1920-02-15,-0.33738944,-0.21727439002136908,4.7000003,27.6
1920-03-16,0.5560134,0.42680171686943774,42.100002,30.0
1920-04-16,-0.8567093,-0.9080196072543619,35.0,31.5
1920-05-16,-0.41738614,-0.4692739472536875,131.5,30.7
1920-06-16,-0.635657,-0.6582584232873304,110.5,29.4
1920-07-16,-0.36174327,-0.2882432466342433,129.6,29.2
1920-08-16,-0.7358345,-0.7425005978025255,153.40001,28.800001
1920-09-16,0.7983278,0.7692838388747141,270.6,28.5
1920-10-16,0.59551364,0.54808319946775,191.0,28.0
1920-11-16,0.49461347,0.5774484684887394,43.3,26.6
1920-12-16,0.40951946,0.3834060000999958,5.6,24.0
1921-01-16,1.5532674,1.5302523826197028,27.2,25.5
1921-02-15,0.019828273,0.107337988805006,8.5,27.7
1921-03-16,0.51710343,0.3800172803077192,41.0,29.800001
1921-04-16,-0.8567093,-0.9250404819146825,35.0,31.7
1921-05-16,-0.44369712,-0.3814996607969387,133.3,30.7
1921-06-16,-1.0355498,-0.9922403023136092,95.8,29.5
1921-07-16,1.565337,1.6171856141294927,214.0,29.0
1921-08-16,1.1378436,1.0386743089337365,228.90001,28.800001
1921-09-16,2.3233802,2.0464659659077613,365.4,28.4
1921-10-16,-1.8004888,-1.7102702389610465,34.9,28.0
1921-11-16,-1.0805063,-1.110674414532831,3.7,26.5
1921-12-16,-0.40962383,-0.37761758475085927,0.0,24.300001
1922-01-16,0.81281334,0.811047284800367,12.8,25.300001
1922-02-15,-0.8315162,-0.8330222409216074,0.0,27.9
1922-03-16,0.7143434,0.6858409350523293,46.8,29.7
1922-04-16,-1.3122072,-1.2179631223347243,18.5,31.300001
1922-05-16,-0.027931945,-0.04405548854895241,150.8,30.7
1922-06-16,-1.7833782,-1.5764767215607223,65.1,29.4
1922-07-16,0.025283094,0.0204344724654136,143.7,29.0
1922-08-16,0.4667422,0.5549607366731852,198.8,28.7
1922-09-16,1.9594513,1.8785471306784987,337.30002,28.5
1922-10-16,-1.2915615,-1.311053741946822,75.3,28.0
1922-11-16,1.5674102,1.552717040800938,90.200005,26.4
1922-12-16,-0.40962383,-0.3141145800904615,0.0,23.9
1923-01-16,1.3460801,1.3137299015948862,22.2,25.300001
1923-02-15,0.19980425,0.14536149227198464,10.6,27.6
1923-03-16,0.16262074,0.1623079439736108,31.800001,29.800001
1923-04-16,0.87637883,0.8764570106967629,96.9,31.300001
1923-05-16,-0.31004837,-0.23131316525420756,139.90001,30.5
1923-06-16,1.7679029,1.702142735692078,207.8,29.300001
1923-07-16,-1.3508096,-1.1857054264196287,93.1,28.9
1923-08-16,-0.7706583,-0.7555579255115894,155.2,28.7
1923-09-16,-1.8625841,-1.815468391589513,124.3,28.5
1923-10-16,0.937308,0.9606939831562206,211.8,28.0
1923-11-16,0.66591907,0.6759034983196944,49.0,26.7
1923-12-16,-0.40962383,-0.4175328745196222,0.0,24.4
1924-01-16,-0.50529826,-0.4633814025212994,0.0,25.300001
1924-02-15,-0.8315162,-0.8274669488188384,0.0,27.800001
1924-03-16,-0.2304557,-0.21727602615180264,22.9,30.0
1924-04-16,0.36141545,0.3832027843097389,75.0,31.4
1924-05-16,-1.2713792,-1.3173065290390233,87.9,30.7
1924-06-16,0.05810352,0.038605725116770684,134.90001,29.4
1924-07-16,0.95839673,1.0187473310069681,181.90001,28.9
1924-08-16,1.3261597,1.2787855956038103,238.7,28.800001
1924-09-16,0.6734901,0.7757945472465396,267.4,28.6
1924-10-16,-0.24266642,-0.21613646130484926,142.5,28.0
1924-11-16,-0.9784428,-0.9351114940139932,2.8,26.5
1924-12-16,0.9078579,0.8272651130822614,9.6,24.1
1925-01-16,-0.50529826,-0.44008915600513504,0.0,25.0
1925-02-15,0.501457,0.4401295934289076,14.5,27.6
1925-03-16,0.3193285,0.3070708454254565,32.600002,29.7
1925-04-16,0.69013566,0.6473790744853519,88.4,31.300001
1925-05-16,-1.1684186,-1.1216895158443507,93.4,30.6
1925-06-16,-0.18711622,-0.07324199983206323,126.3,29.4
1925-07-16,-0.82088333,-0.6797809640032892,109.9,29.1
1925-08-16,0.93063766,0.9257519425765142,218.90001,28.7
1925-09-16,-0.33412245,-0.4224720166819489,214.90001,28.6
1925-10-16,-1.0307089,-1.0489381790282708,93.6,27.9
1925-11-16,-1.0339637,-1.0326342651143354,4.7000003,26.6
1925-12-16,0.76721495,0.6961944103877671,8.400001,24.0
1926-01-16,-0.21880642,-0.26910635189862014,2.1000001,25.2
1926-02-15,-0.46858296,-0.43892259500602837,3.4,27.800001
1926-03-16,0.3618016,0.3921578715492577,33.7,29.7
1926-04-16,-1.0355569,-1.0781372339780386,26.6,31.5
1926-05-16,-1.2695224,-1.3521779223456514,88.0,30.9
1926-06-16,0.82093465,0.8575238771282077,163.3,29.5
1926-07-16,0.580186,0.6427869597831831,162.2,29.1
1926-08-16,0.6188148,0.5808836292140909,205.1,28.800001
1926-09-16,-0.40547436,-0.348836540150827,211.3,28.6
1926-10-16,1.245828,1.3788086257189602,231.8,28.0
1926-11-16,-0.33685184,-0.20585453521183156,20.5,26.6
1926-12-16,1.2570577,1.2676151038531676,12.900001,24.1
1927-01-16,0.058620308,0.07530998043154061,4.4,25.2
1927-02-15,1.4788615,1.3867072761231676,32.9,27.9
1927-03-16,0.1460062,0.2438702522068561,28.300001,29.7
1927-04-16,1.2848365,1.1452564601007194,118.700005,31.300001
1927-05-16,1.0680293,1.0510168574036598,214.7,30.4
1927-06-16,0.26589602,0.10793488274880751,142.3,29.4
1927-07-16,1.4562517,1.5008624457860231,207.6,29.1
1927-08-16,-1.474044,-1.5304692371946182,124.700005,28.800001
1927-09-16,-0.61454284,-0.523937484558536,203.6,28.6
1927-10-16,0.5481409,0.515301732053613,188.2,28.0
1927-11-16,-0.46713448,-0.6843113672216704,14.3,26.5
1927-12-16,-0.40962383,-0.3749829952322526,0.0,24.2
1928-01-16,0.655885,0.6790044269639194,10.7,25.6
1928-02-15,0.7699812,0.797014236024046,18.5,27.7
1928-03-16,-0.003648952,-0.12397478621043474,27.9,29.800001
1928-04-16,1.3146682,1.2172552608215006,120.5,31.4
1928-05-16,0.496787,0.3743917185004332,181.1,30.7
1928-06-16,-0.2843605,-0.32729216338638983,126.0,29.4
1928-07-16,-1.3996097,-1.3783326839354317,91.200005,29.1
1928-08-16,-1.8227363,-1.6556838934510107,110.0,28.800001
1928-09-16,-1.2808288,-1.2626272177587132,165.3,28.800001
1928-10-16,-0.9393253,-0.880456514929874,96.6,27.6
1928-11-16,-0.3910447,-0.4009064751020318,16.1,26.4
1928-12-16,-0.40962383,-0.39880660657075256,0.0,24.5
1929-01-16,-0.4623203,-0.4064137740454173,0.3,25.6
1929-02-15,0.55129945,0.5224546006445676,15.2,27.9
1929-03-16,1.1854587,1.1370820168383062,63.5,29.6
1929-04-16,0.59900385,0.5276361418234311,81.4,31.2
1929-05-16,0.007978499,-0.007252862694494199,152.6,30.7
1929-06-16,-0.31293452,-0.27079788003054656,125.0,29.4
1929-07-16,-0.004448039,-0.05036050595883957,142.6,29.2
1929-08-16,0.37480584,0.15101498366481225,195.1,28.800001
1929-09-16,-1.0330348,-1.0733471474934126,180.40001,28.7
1929-10-16,-0.50642323,-0.39060506227603015,126.9,28.1
1929-11-16,-0.88217777,-0.967334873142047,4.9,26.5
1929-12-16,0.07214578,0.03446807972856539,3.2,24.5
1930-01-16,0.4887962,0.4189061289657854,8.7,24.9
1930-02-15,-0.8315162,-0.8006894508148191,0.0,27.9
1930-03-16,-0.33006603,-0.30901860014285915,17.7,29.4
1930-04-16,-1.0967286,-1.0416631879836749,27.9,31.6
1930-05-16,-0.28980023,-0.3740957510645932,137.8,30.6
1930-06-16,0.6868713,0.4611946049523518,158.0,29.300001
1930-07-16,1.5536662,1.4937613040880056,213.3,29.300001
1930-08-16,0.08104259,0.08712528586925913,183.7,28.9
1930-09-16,1.3015488,1.2723603855351524,297.4,28.5
1930-10-16,-1.5794647,-1.6024896851795967,53.3,28.2
1930-11-16,-0.010979225,-0.06009563935857477,25.6,26.6
1930-12-16,-0.045579325,0.03449518338287852,2.4,24.300001
1931-01-16,-0.25772336,-0.3186740141360222,1.8000001,25.300001
1931-02-15,0.7193419,0.6744691992583626,20.800001,28.4
1931-03-16,-0.9685122,-1.0183657813638356,8.3,30.0
1931-04-16,-0.12757549,-0.19499396432215557,57.7,32.0
1931-05-16,-1.3580108,-1.3795822680660244,83.200005,30.9
1931-06-16,0.44407105,0.34390576306056947,148.8,29.7
1931-07-16,0.31046835,0.15779782457739924,151.40001,29.1
1931-08-16,-0.70361036,-0.6372901112677141,154.6,28.9
1931-09-16,0.6334349,0.6431506841641754,265.4,28.6
1931-10-16,-0.7658976,-0.7182415660083947,110.9,27.800001
1931-11-16,-0.918713,-0.8700244633815644,7.2000003,26.6
1931-12-16,-0.40962383,-0.37280236898085684,0.0,24.1
1932-01-16,-0.50529826,-0.44873568582571505,0.0,24.9
1932-02-15,0.50145787,0.31910353596250685,11.400001,27.300001
1932-03-16,-0.9149381,-0.8153438935393823,6.2000003,29.6
1932-04-16,0.64152026,0.47265934846865537,83.200005,31.5
1932-05-16,-0.71324736,-0.7622644661106898,116.8,31.0
1932-06-16,-1.2271111,-1.1280012036321592,88.4,29.4
1932-07-16,0.91525984,0.9184013539154768,176.8,29.1
1932-08-16,-0.93528575,-0.8676278259608803,142.8,28.6
1932-09-16,0.36304754,0.3981933889102989,249.0,28.5
1932-10-16,0.6123647,0.6199132689935655,188.90001,27.9
1932-11-16,0.1372719,0.07172545463202822,29.6,26.7
1932-12-16,-0.40962383,-0.3013557203293296,0.0,23.9
1933-01-16,-0.50529826,-0.44566487876229194,0.0,25.2
1933-02-15,0.257027,0.24027112184562133,11.3,27.9
1933-03-16,-1.4216453,-1.5042968557386305,0.1,29.9
1933-04-16,-0.13968141,-0.24808012505686305,54.2,31.5
1933-05-16,-0.37283632,-0.3911556830950065,133.7,30.7
1933-06-16,-0.24432905,-0.4063455599919578,124.3,29.4
1933-07-16,2.0475938,1.952858832503417,243.5,29.1
1933-08-16,-0.54157424,-0.5786191451543404,160.6,28.9
1933-09-16,-0.08556101,-0.0693886137526564,227.2,28.6
1933-10-16,-0.42455232,-0.41323455011042787,128.7,28.1
1933-11-16,0.98344594,0.9723309818407312,61.0,26.6
1933-12-16,-0.40962383,-0.3262862578102371,0.0,24.2
1934-01-16,-0.32404852,-0.31697751468470153,1.3000001,25.1
1934-02-15,-0.46858296,-0.4446087355914174,3.4,27.7
1934-03-16,0.08706337,0.09636890890593708,30.0,29.7
1934-04-16,-0.020142624,0.19930216407766538,61.3,31.4
1934-05-16,-1.8112764,-1.7259708822176958,57.4,30.7
1934-06-16,0.26311904,0.22985205446062393,139.1,29.300001
1934-07-16,0.014483904,-0.08924079639617657,140.2,29.1
1934-08-16,0.49859494,0.461747113614136,200.1,28.7
1934-09-16,0.18801595,0.20109257322066434,240.5,28.7
1934-10-16,0.078117505,0.08118270281444558,157.90001,28.0
1934-11-16,1.028873,1.0179482281224073,59.8,26.5
1934-12-16,0.941843,0.9150484611844882,9.900001,23.9
1935-01-16,0.15763628,0.12038955859350574,5.3,25.0
1935-02-15,1.4865892,1.4523883479591548,33.100002,27.7
1935-03-16,-0.3832159,-0.5574731241984052,16.6,29.9
1935-04-16,0.39266127,0.35572858840547283,73.1,31.5
1935-05-16,-0.003978771,-0.0022205330386882915,152.0,30.7
1935-06-16,-0.18139502,-0.10864140179603478,126.5,29.300001
1935-07-16,-0.20404153,-0.14499540196384608,132.2,29.1
1935-08-16,-1.5492713,-1.4560719531624076,118.5,28.7
1935-09-16,1.1490977,1.126449937856482,289.0,28.5
1935-10-16,1.5385224,1.4679589398223698,249.1,28.2
1935-11-16,0.1552891,0.2658669351320394,30.1,26.6
1935-12-16,1.1153883,1.048210096620971,11.5,24.1
1936-01-16,-0.47656843,-0.37343618073956875,0.2,24.9
1936-02-15,0.627117,0.5328594672564433,16.300001,27.6
1936-03-16,-1.0767893,-1.0816468596141469,3.2,29.6
1936-04-16,-0.9306968,-0.8567109763794971,29.7,31.4
1936-05-16,0.3755823,0.37409922872139295,171.5,30.6
1936-06-16,0.62992907,0.5797255844836511,155.8,29.300001
1936-07-16,1.3744186,1.4642559151786059,199.90001,29.0
1936-08-16,-1.616427,-1.4662886228223648,118.8,28.7
1936-09-16,-1.6817439,-1.673759862480646,138.0,28.6
1936-10-16,-0.9845435,-1.0250905291580168,96.700005,28.0
1936-11-16,-0.89585817,-0.8872165024564697,13.900001,26.6
1936-12-16,-0.82759744,-0.9080566089733971,0.4,24.4
1937-01-16,-1.5727559,-1.5045007427618857,0.0,25.1
1937-02-15,1.18111,1.0601472203598783,22.9,27.9
1937-03-16,-1.7339202,-1.688558536395734,10.2,29.7
1937-04-16,0.032511186,0.010971576486595884,66.200005,32.0
1937-05-16,0.29759848,0.3205008333048035,161.2,29.9
1937-06-16,-1.389419,-1.306969624768233,78.8,29.300001
1937-07-16,1.3305311,1.4105458643479436,188.2,28.300001
1937-08-16,0.38483334,0.45264171213504456,186.2,28.5
1937-09-16,-0.07124373,-0.192022772430897,218.6,28.2
1937-10-16,-0.4043536,-0.3248286963303054,139.2,27.9
1937-11-16,0.3020799,0.36824192372141934,37.4,27.6
1937-12-16,-0.10524655,-0.07701773264397099,2.0,25.300001
1938-01-16,-0.32404852,-0.312340867868297,1.3000001,25.4
1938-02-15,0.39792642,0.4872830822835431,13.1,27.6
1938-03-16,-0.9149384,-0.9087074532694427,15.5,29.0
1938-04-16,0.30052906,0.22811058239841245,66.5,30.7
1938-05-16,-0.20485191,-0.23924206309540408,135.8,29.6
1938-06-16,0.8481906,0.7140254213250593,155.1,28.5
1938-07-16,1.4597433,1.485137805949682,195.40001,28.0
1938-08-16,-0.8851137,-0.8129376071443466,144.7,28.800001
1938-09-16,1.665845,1.6523664458483696,315.6,28.2
1938-10-16,0.40453506,0.4796116442492843,173.6,27.6
1938-11-16,-0.7646605,-0.664505966371732,10.6,25.800001
1938-12-16,-0.7346971,-0.6520166695875397,1.0,24.5
1939-01-16,-0.84264284,-0.8276138649413569,0.90000004,25.2
1939-02-15,0.38270935,0.41762424174714613,19.1,27.6
1939-03-16,-0.119721115,-0.0727428541936495,25.300001,29.300001
1939-04-16,-0.73322606,-0.5484083323157152,35.600002,30.800001
1939-05-16,-0.7052667,-0.6470584392368218,117.200005,30.300001
1939-06-16,0.59856224,0.5366758044207447,148.40001,28.800001
1939-07-16,-0.5921191,-0.6122885699211975,112.0,28.800001
1939-08-16,0.47411418,0.4665351863997669,192.90001,28.6
1939-09-16,1.4073743,1.3705815745702998,300.30002,28.300001
1939-10-16,-1.1983691,-1.2933975452535431,85.1,27.9
1939-11-16,1.1732488,1.2559393414630011,63.100002,27.2
1939-12-16,0.54196846,0.4664141127476857,0.4,20.800001
1940-01-16,-1.5727559,-1.4835809273264016,0.0,22.7
1940-02-15,-0.92079794,-0.809572800027637,2.3,27.4
1940-03-16,-1.9679886,-2.067205769407874,0.1,29.300001
1940-04-16,-1.4603575,-1.4199206863361356,26.6,32.0
1940-05-16,0.30716828,0.3506995429734268,171.0,30.9
1940-06-16,-0.565557,-0.4314463599181084,113.0,29.6
1940-07-16,-1.6385373,-1.6137749577729608,75.5,29.0
1940-08-16,0.8099573,0.828353601293245,210.3,28.5
1940-09-16,-0.6466931,-0.6442491193783266,205.0,29.0
1940-10-16,-0.9165176,-0.9735384924171178,110.5,28.800001
1940-11-16,-1.0525509,-1.2300094892441165,7.4,27.300001
1940-12-16,-1.2408473,-1.1665951712436284,0.8,25.1
1941-01-16,-3.0348148,-2.738753240438735,1.0,27.7
1941-02-15,-1.3157511,-1.2898320394703207,5.1,28.7
1941-03-16,-1.5244087,-1.5748533445541617,10.7,30.6
1941-04-16,0.36664814,0.2981199533921775,81.4,32.4
1941-05-16,0.337682,0.3619275510016174,172.6,31.0
1941-06-16,-0.12134303,-0.21175037318111795,125.5,29.7
1941-07-16,-1.8141123,-1.745902474871328,68.3,29.4
1941-08-16,-0.046426192,-0.17623103027074993,172.7,28.9
1941-09-16,-0.044619296,0.028113650655184848,235.40001,29.0
1941-10-16,0.7770366,0.705301741661729,201.90001,28.300001
1941-11-16,-0.54872084,-0.41504830557615147,18.6,27.300001
1941-12-16,-1.1954767,-1.0848728054043184,1.1,25.7
1942-01-16,-1.4713725,-1.5688641003179458,0.5,25.4
1942-02-15,-0.84259784,-0.8506406807587279,9.2,28.1
1942-03-16,0.43710124,0.44723937725177937,38.8,29.6
1942-04-16,1.2680303,1.0525182378127664,114.6,31.2
1942-05-16,0.71186346,0.6785976178148442,190.0,30.4
1942-06-16,1.9718933,1.9124356710672616,219.6,29.1
1942-07-16,-0.24819605,-0.20314155826463387,127.5,28.800001
1942-08-16,2.1411018,2.084748565312111,291.80002,28.4
1942-09-16,1.0859797,1.0641757091037274,288.7,28.300001
1942-10-16,-0.36379334,-0.3617294577273524,138.5,28.0
1942-11-16,0.993112,1.0020571225024701,61.4,26.5
1942-12-16,0.14450589,0.16486939007142623,3.7,24.0
1943-01-16,-1.5727559,-1.5348067448300924,0.0,25.0
1943-02-15,-0.20113137,-0.22934175393799158,12.3,27.5
1943-03-16,-0.86705345,-0.895432478260657,19.5,29.6
1943-04-16,0.11862279,0.10449274749308239,66.1,31.2
1943-05-16,-0.27967855,-0.19825334590605856,144.5,30.4
1943-06-16,-0.2529094,-0.17910824954223656,130.2,29.2
1943-07-16,0.8912508,0.8176431558588609,181.90001,28.800001
1943-08-16,-0.5117463,-0.4112452252635678,167.90001,28.4
1943-09-16,0.8316366,0.8484900039155051,275.4,28.300001
1943-10-16,-1.8177776,-1.7764400523239727,36.5,27.9
1943-11-16,1.8887936,1.794260738689536,112.200005,26.300001
1943-12-16,-0.015938127,-0.05602449585528231,2.6000001,24.1
1944-01-16,-0.21880697,-0.21398551613760017,5.2000003,25.1
1944-02-15,0.6338611,0.574404804409688,22.6,27.800001
1944-03-16,-0.9792731,-0.9945723335582001,17.4,29.7
1944-04-16,-0.9982737,-0.8795620969595445,40.100002,31.2
1944-05-16,-0.27967814,-0.25174432306687744,141.40001,30.2
1944-06-16,-0.69414455,-0.7068656769602505,117.700005,29.1
1944-07-16,-1.139049,-1.2691367514727916,101.200005,28.800001
1944-08-16,1.5785707,1.5215914632417202,256.2,28.5
1944-09-16,-1.4418892,-1.2275152713262942,151.7,28.4
1944-10-16,0.92293483,0.9737559255921483,214.0,27.9
1944-11-16,-0.21032582,-0.19711151564773569,26.7,26.300001
1944-12-16,-0.7811716,-0.8620037324757782,0.7,23.7
1945-01-16,1.0032521,0.9863949073349774,18.800001,24.9
1945-02-15,1.4234679,1.3362918046567605,31.5,27.7
1945-03-16,-1.967989,-1.8293912742499765,9.400001,29.4
1945-04-16,-0.32502902,-0.22867240878242837,54.4,31.1
1945-05-16,-0.34245408,-0.18026578035991198,144.5,30.4
1945-06-16,1.6762606,1.6135622984042852,205.90001,29.2
1945-07-16,0.2560962,0.19788733077328624,155.5,28.9
1945-08-16,-0.85860366,-0.7926014288009463,158.1,28.6
1945-09-16,1.2908258,1.222726313182974,306.1,28.300001
1945-10-16,-1.5769674,-1.6400243632155116,56.600002,27.7
1945-11-16,-0.4543701,-0.5449890294699503,17.7,26.5
1945-12-16,0.24406174,0.2046572609386702,4.4,24.0
1946-01-16,-0.9925776,-1.00265330762559,0.0,24.300001
1946-02-15,0.0020353165,-0.009410498068569074,11.400001,27.1
1946-03-16,0.99275374,0.85278396531021,56.100002,30.300001
1946-04-16,1.0447915,1.046458765824096,111.5,30.7
1946-05-16,-0.36068338,-0.36991044551149965,128.1,29.9
1946-06-16,-1.2448608,-1.1754104742112366,97.0,29.5
1946-07-16,0.6066531,0.6095360487908102,175.7,29.0
1946-08-16,-1.4373106,-1.3008682007171641,132.40001,28.7
1946-09-16,-0.16707456,0.02286431494348587,232.5,28.6
1946-10-16,0.9452756,0.9442938312111437,218.5,27.800001
1946-11-16,-1.5838395,-1.4964019810200389,2.5,26.9
1946-12-16,-2.2104013,-2.222161920780843,0.3,26.0
1947-01-16,-0.73095334,-0.6263094106473608,10.900001,27.5
1947-02-15,0.7129086,0.5658860605711729,26.9,28.0
1947-03-16,0.12929107,-0.004339341123512661,43.4,29.6
1947-04-16,1.2595639,1.1632632082273975,111.0,30.5
1947-05-16,-1.2416016,-1.2475143228962626,98.8,30.9
1947-06-16,0.9862139,1.0125708127642066,173.2,29.2
1947-07-16,-0.62812144,-0.6895701840994714,123.1,28.9
1947-08-16,1.4346778,1.3773526374413685,250.90001,28.9
1947-09-16,-0.75652516,-0.6258123206600046,205.3,29.0
1947-10-16,-1.4454349,-1.5059214074029381,70.0,28.5
1947-11-16,-1.2215929,-1.325208367799973,0.7,26.4
1947-12-16,-1.3010856,-1.3525111056252177,0.4,24.5
1948-01-16,-1.5521942,-1.5282711169332024,0.1,24.9
1948-02-15,-0.8648299,-0.8847097828240527,9.0,28.7
1948-03-16,-0.39782447,-0.4045683028205207,25.6,30.300001
1948-04-16,0.5678071,0.551940481844952,80.1,30.7
1948-05-16,0.2745664,0.34000323538407096,169.3,30.2
1948-06-16,-1.2194846,-1.1424776857080292,98.0,29.7
1948-07-16,0.95625556,0.9259414819944293,181.8,28.800001
1948-08-16,0.34712216,0.26354356698833376,197.1,28.9
1948-09-16,0.61736083,0.5354798350258969,267.7,28.5
1948-10-16,1.101922,1.0803693729976804,225.40001,28.0
1948-11-16,-1.1979285,-1.094915457909448,1.2,25.300001
1948-12-16,-1.3610204,-1.4068342438957673,0.0,25.0
1949-01-16,0.8407805,0.6120708343529716,13.2,23.800001
1949-02-15,0.5792201,0.6960761475238666,21.800001,27.1
1949-03-16,-1.0224656,-0.9888073650475648,16.6,29.9
1949-04-16,1.5368582,1.4378665576558949,125.700005,30.4
1949-05-16,-0.41738594,-0.37444550540880694,134.6,30.2
1949-06-16,-2.2316341,-2.0237206108413988,56.4,29.9
1949-07-16,0.8626157,0.8645841575174495,177.5,28.9
1949-08-16,0.73753834,0.6750809861843154,210.2,28.5
1949-09-16,0.4163467,0.47635658372780837,248.5,28.5
1949-10-16,0.20532341,0.1524430947969404,168.3,28.300001
1949-11-16,1.7053849,1.6985388857238233,92.8,26.6
1949-12-16,-1.3610204,-1.320582733399948,0.0,25.1
1950-01-16,-2.3094707,-2.2145909159839654,0.0,25.2
1950-02-15,-1.5601567,-1.3235231534534375,6.2000003,26.9
1950-03-16,-0.6275519,-0.6809214727716466,24.1,29.7
1950-04-16,0.0033485375,0.14115896539727663,59.0,30.9
1950-05-16,0.2860938,0.32467766454129265,166.8,30.1
1950-06-16,1.175241,1.216738243604505,175.2,28.800001
1950-07-16,-0.48113227,-0.46778766958704426,125.3,28.6
1950-08-16,-1.1176718,-1.0638221834382768,145.1,29.1
1950-09-16,0.19626677,0.3104211790806387,244.0,28.300001
1950-10-16,1.8150872,1.805445494141394,263.7,27.7
1950-11-16,0.60443866,0.6039813440169148,46.9,26.9
1950-12-16,0.7186437,0.6956370352867447,1.8000001,22.7
1951-01-16,1.3089616,1.2724748307613747,18.300001,24.5
1951-02-15,-1.3397701,-1.3077445632648523,1.8000001,27.0
1951-03-16,-0.6071671,-0.6241044521997741,21.4,29.4
1951-04-16,-0.8198658,-0.7577120800116119,42.3,31.5
1951-05-16,0.5733951,0.5506196211603448,182.2,30.4
1951-06-16,0.13158791,-0.00015731455017116164,128.2,28.800001
1951-07-16,1.6501149,1.6432500948809923,216.1,28.6
1951-08-16,-0.6713165,-0.711616412410347,152.7,28.7
1951-09-16,1.2059416,1.1941776830086277,295.2,28.6
1951-10-16,1.7151474,1.6985142179111332,262.2,28.0
1951-11-16,0.78610414,0.7566791739189267,53.3,27.1
1951-12-16,0.7308662,0.7176310332799345,1.9,24.0
1952-01-16,-0.6843554,-0.6615733074497862,1.9,25.2
1952-02-15,0.78859776,0.8043152373473287,25.0,28.5
1952-03-16,2.1253471,1.9405457343812973,109.0,29.2
1952-04-16,-1.3569087,-1.2604000666701178,23.4,30.800001
1952-05-16,0.15224387,0.20947438552751177,163.0,30.800001
1952-06-16,0.0013086067,-0.05030978591540015,136.0,29.2
1952-07-16,-0.25648662,-0.29137746423998123,127.200005,28.7
1952-08-16,0.26828933,0.28299959106261996,184.7,28.1
1952-09-16,-0.31217605,-0.40751849770454895,216.0,28.2
1952-10-16,1.1933742,1.247219269677037,219.0,27.800001
1952-11-16,0.041735306,-0.08555752068578662,30.1,26.5
1952-12-16,-0.3942262,-0.3893749858544527,0.1,22.5
1953-01-16,1.5829743,1.6510211271113844,24.9,25.300001
1953-02-15,2.2302568,2.032498446252906,47.2,27.1
1953-03-16,-0.21176675,-0.07564529714265303,26.4,29.2
1953-04-16,1.3146682,1.2656554391144232,117.4,30.9
1953-05-16,0.057649035,0.1488265753058416,155.1,30.2
1953-06-16,0.42783216,0.44516262430688147,148.2,29.0
1953-07-16,0.10045575,0.14762970394165226,146.5,28.7
1953-08-16,-0.2619763,-0.3913993826254776,167.8,28.5
1953-09-16,0.605286,0.5720406378853001,264.0,28.4
1953-10-16,0.39937055,0.4465303873972498,182.6,28.4
1953-11-16,1.8113487,1.6850321675223499,100.200005,26.4
1953-12-16,0.21583426,0.16373718781142374,1.1,23.9
1954-01-16,-0.31063595,-0.26011524881353254,7.6,26.4
1954-02-15,0.19980446,0.1815903599256777,13.7,27.300001
1954-03-16,0.69482815,0.7465680556479632,46.2,28.9
1954-04-16,-1.6929374,-1.6561886606657859,16.800001,31.6
1954-05-16,0.7048866,0.656332189977938,189.6,30.300001
1954-06-16,-0.107054636,-0.11863970048319386,132.2,29.2
1954-07-16,-1.6902248,-1.591359970833605,82.700005,29.1
1954-08-16,0.67518556,0.7072000724852473,207.5,28.5
1954-09-16,1.1748532,1.2112059412319303,287.30002,27.6
1954-10-16,-0.5560326,-0.7462062234741581,123.9,27.4
1954-11-16,-0.82318074,-0.748738953385262,12.400001,25.5
1954-12-16,-0.21076961,-0.22749932423761882,1.3000001,23.2
1955-01-16,-0.9925776,-1.0531165205390063,0.0,23.2
1955-02-15,-0.39739266,-0.41428158968376205,7.2000003,27.2
1955-03-16,0.7873323,0.7317256676838562,52.2,29.1
1955-04-16,0.8972163,0.8109891392418832,88.6,30.2
1955-05-16,0.103111394,0.05260718136810206,157.40001,30.1
1955-06-16,1.6386718,1.55690301758703,191.5,28.2
1955-07-16,0.017185183,-0.10435363881854923,140.3,28.7
1955-08-16,0.033453654,0.10258017394437988,181.90001,28.300001
1955-09-16,-0.2600544,-0.05755162958669361,221.7,28.2
1955-10-16,-1.8120264,-1.6586742364587541,37.0,27.4
1955-11-16,0.086213,0.1214039909263409,28.2,25.0
1955-12-16,-1.3610204,-1.2868033522775453,0.0,22.4
1956-01-16,-1.5727559,-1.56048879058077,0.0,23.300001
1956-02-15,1.459342,1.3527923898392187,32.4,27.5
1956-03-16,0.039889127,-0.014832447507508352,32.0,29.5
1956-04-16,1.6431708,1.4759321809935213,130.3,30.300001
1956-05-16,0.14832485,0.0866611911789791,150.40001,29.4
1956-06-16,0.35421315,0.2912903044659697,145.5,28.6
1956-07-16,1.1243659,1.090899088947253,186.8,28.2
1956-08-16,0.27852696,0.23883115925586568,185.1,28.1
1956-09-16,0.7747152,0.7530648359350726,269.4,27.9
1956-10-16,-1.1557789,-1.0495427921515537,88.1,27.2
1956-11-16,0.10820519,0.20601524919849978,31.9,24.800001
1956-12-16,-0.34811926,-0.32544375551712534,0.4,22.800001
1957-01-16,-0.31063595,-0.2572914974455724,7.6,24.5
1957-02-15,0.6999712,0.6584539155337267,20.5,26.800001
1957-03-16,1.3191129,1.2182860229946242,66.1,28.800001
1957-04-16,0.14966963,0.11744528943829119,67.200005,31.0
1957-05-16,-1.5505203,-1.4896156475982572,84.9,31.6
1957-06-16,0.37611657,0.397613737264143,146.3,29.7
1957-07-16,-1.0591615,-1.1708891326383333,101.1,28.9
1957-08-16,-0.1376669,-0.2621871353191922,181.7,28.800001
1957-09-16,0.86088526,0.8416912526832536,270.7,28.2
1957-10-16,0.73088074,0.5608387659919836,192.90001,27.7
1957-11-16,-0.24665661,-0.22306864107155824,28.9,26.7
1957-12-16,-1.3460656,-1.379711899938835,0.1,24.800001
1958-01-16,1.0628386,1.1070093521411584,19.800001,25.6
1958-02-15,0.05507426,0.1989594576799345,8.900001,27.300001
1958-03-16,0.82429516,0.9148583344376996,53.4,30.300001
1958-04-16,-0.6341297,-0.49532143741991574,47.9,31.6
1958-05-16,-1.1929069,-1.1723714668111112,101.4,31.7
1958-06-16,0.7582565,0.6782362847014085,160.8,29.5
1958-07-16,-0.02342197,-0.07167659008772137,132.6,28.7
1958-08-16,-0.116140045,-0.17963354180353996,182.5,28.5
1958-09-16,-0.29016587,-0.23116308175097802,217.1,28.300001
1958-10-16,-1.005463,-0.9269352887649593,92.200005,27.7
1958-11-16,-1.3552141,-1.2339909916780796,1.0,25.300001
1958-12-16,-1.3610204,-1.3081945410861353,0.0,22.800001
1959-01-16,-0.31063634,-0.39679743839837817,4.5,24.7
1959-02-15,0.6999716,0.7039503818277583,26.7,28.300001
1959-03-16,0.47382963,0.5069569214658007,39.8,28.6
1959-04-16,-0.19455886,-0.21949447218745038,52.4,31.4
1959-05-16,0.6022091,0.6034773738913253,186.90001,30.5
1959-06-16,-1.5885488,-1.535594436753681,79.8,30.1
1959-07-16,1.1898302,1.157669907556096,190.1,28.4
1959-08-16,-1.4618238,-1.4048151750366669,119.0,28.5
1959-09-16,1.4038875,1.395162630395399,297.0,28.2
1959-10-16,-1.4375929,-1.4282082323587741,64.4,27.7
1959-11-16,-0.97844267,-0.8180870549954755,12.1,27.0
1959-12-16,-1.3010856,-1.415437017715266,0.4,25.800001
1960-01-16,0.21047124,0.15199829805536355,8.900001,25.5
1960-02-15,-1.0229148,-1.0132202770065721,1.4,27.1
1960-03-16,-1.4103037,-1.4782580496493187,9.6,30.2
1960-04-16,-1.4223789,-1.357353464379592,24.6,32.3
1960-05-16,-0.49222746,-0.49038900758757276,134.0,30.9
1960-06-16,-1.1192582,-1.0787823727935981,95.700005,29.300001
1960-07-16,0.9690771,0.8739903133318737,182.40001,28.9
1960-08-16,-0.64705366,-0.5836264174660017,150.5,28.9
1960-09-16,-0.5879032,-0.6227508689064962,201.90001,28.5
1960-10-16,1.2592094,1.1729133572367296,226.5,27.9
1960-11-16,0.61629397,0.5825851209608369,44.2,27.0
1960-12-16,0.5549297,0.5123159198686086,3.6000001,23.800001
1961-01-16,-0.29729715,-0.32384909469727635,1.5,24.300001
1961-02-15,1.3572295,1.4427972674536795,23.7,27.5
1961-03-16,0.5942078,0.5163275019313113,46.3,29.6
1961-04-16,0.2844308,0.4196974707188026,72.1,31.4
1961-05-16,0.89172745,0.9317606525696829,197.5,30.1
1961-06-16,0.601184,0.47681675590025413,148.5,28.9
1961-07-16,-0.16275616,-0.051472167440290345,127.5,28.7
1961-08-16,0.14404541,0.19997652250468517,179.90001,28.5
1961-09-16,0.0828457,0.02969610342487597,226.1,28.1
1961-10-16,1.2458279,1.1242341138247343,228.7,27.6
1961-11-16,-0.59216166,-0.7098965456602706,17.6,26.6
1961-12-16,0.29997122,0.24484259613309026,7.9,24.7
1962-01-16,0.47103903,0.49347852090644617,2.3,23.800001
1962-02-15,-1.4002153,-1.3671001031324397,1.3000001,26.2
1962-03-16,-1.2086444,-0.9963263492870686,3.9,29.5
1962-04-16,-0.33132187,-0.35618635269871,54.2,31.6
1962-05-16,-0.13426223,-0.040888891817054726,145.5,30.300001
1962-06-16,-1.1399797,-1.0738474677895735,94.9,29.300001
1962-07-16,0.71288157,0.6783602110937328,167.8,28.7
1962-08-16,-0.10270276,-0.1379094783764633,179.90001,28.300001
1962-09-16,1.3140272,1.3855084539880769,295.0,28.0
1962-10-16,0.10078132,0.08849026963549361,162.3,27.800001
1962-11-16,-1.4518172,-1.4627510571126994,2.1000001,26.5
1962-12-16,-0.9664201,-0.9065687371283827,2.6000001,23.9
1963-01-16,-0.09372308,-0.23207769963935226,0.0,22.1
1963-02-15,-0.58296114,-0.6256413240536696,2.3,26.9
1963-03-16,-0.32047328,-0.13574452122037323,17.9,28.9
1963-04-16,-1.1239766,-1.035710609849995,30.2,30.800001
1963-05-16,-2.074723,-2.0038115044932123,56.9,31.7
1963-06-16,0.845721,0.7817522435318321,164.3,29.4
1963-07-16,0.49222764,0.49708618851237896,149.3,28.300001
1963-08-16,-0.45202705,-0.35361695668507015,163.90001,28.6
1963-09-16,0.9266701,0.8860207384575546,274.1,28.5
1963-10-16,1.5920012,1.5377218634255767,253.0,27.800001
1963-11-16,1.4378899,1.2680297580379114,82.700005,27.2
1963-12-16,0.5027708,0.5074468796025493,3.2,24.1
1964-01-16,-0.5785008,-0.6300800620157105,2.6000001,25.0
1964-02-15,-0.25887647,-0.29542095084613773,8.6,27.5
1964-03-16,-0.62244904,-0.5573581335953718,18.0,29.300001
1964-04-16,0.45660788,0.5409674164999553,84.9,31.800001
1964-05-16,1.5507796,1.5783343125672729,242.6,29.9
1964-06-16,-1.3918722,-1.346360681565268,84.9,29.300001
1964-07-16,0.97333765,1.0228125697574781,182.6,29.0
1964-08-16,-0.7599532,-0.6771566107879078,152.5,28.5
1964-09-16,0.8101033,0.8376698957900122,271.2,28.4
1964-10-16,1.12956,1.1976610466536746,217.90001,28.1
1964-11-16,-0.32857254,-0.3407923790181915,14.5,25.1
1964-12-16,1.2373754,1.1392363391465783,9.6,23.0
1965-01-16,-0.50529826,-0.5406600800552054,0.0,23.4
1965-02-15,1.9222516,1.7811065856204569,43.5,27.800001
1965-03-16,0.4185077,0.4652960483327114,38.3,28.9
1965-04-16,-0.39462465,-0.3684226995226724,49.100002,31.0
1965-05-16,-0.2877757,-0.23578762539738068,141.0,30.4
1965-06-16,0.04959745,0.07637616587735174,122.200005,28.7
1965-07-16,-1.7415149,-1.6346909136187042,77.5,29.0
1965-08-16,1.3610623,1.3017864011424944,246.8,28.800001
1965-09-16,-0.25401887,-0.19135732881713682,218.90001,28.2
1965-10-16,-0.326433,-0.40996791081973,137.6,28.1
1965-11-16,-0.47139665,-0.4417559953483401,20.4,26.9
1965-12-16,-0.19561674,-0.16793855488077947,1.4,25.5
1966-01-16,1.1085111,1.1760855204829068,17.5,26.2
1966-02-15,0.41303596,0.4084998779358507,13.3,28.4
1966-03-16,-0.68914634,-0.5915163418412304,16.7,30.300001
1966-04-16,-1.2744431,-1.3486513480763342,25.800001,31.800001
1966-05-16,1.3145539,1.3043904495596752,222.0,30.1
1966-06-16,-0.81534433,-0.8517660867846218,104.0,29.4
1966-07-16,-0.67788535,-0.561833453755824,115.1,29.0
1966-08-16,0.5759621,0.5393203365781397,200.2,28.6
1966-09-16,-1.8917544,-1.7242278579291757,122.0,28.1
1966-10-16,0.41141748,0.4171607134097085,180.2,28.1
1966-11-16,0.6397993,0.6629447160052039,48.100002,26.7
1966-12-16,2.0320818,1.814301071088904,22.6,25.4
1967-01-16,0.5829804,0.5502191887247541,3.6000001,24.4
1967-02-15,0.5300935,0.43194197721890143,11.8,26.800001
1967-03-16,-1.5301553,-1.575953495438492,1.3000001,28.9
1967-04-16,0.34038606,0.5239362216322847,68.0,30.7
1967-05-16,-0.3384028,-0.3238736576298105,135.40001,30.300001
1967-06-16,-1.3746725,-1.182583018319456,91.8,29.7
1967-07-16,-0.33678114,-0.3540038176284751,130.5,29.1
1967-08-16,-1.3007615,-1.1293612894951086,128.6,28.5
1967-09-16,1.8545789,1.7590978624533653,327.4,28.4
1967-10-16,-1.2681662,-1.3845787586976495,77.0,27.4
1967-11-16,0.993112,1.0013116343536541,61.4,26.7
1967-12-16,0.10120839,0.058163003115658855,0.3,23.300001
1968-01-16,-0.13050963,-0.13830372288285034,5.9,24.800001
1968-02-15,0.49423414,0.3764084799961016,11.3,27.0
1968-03-16,-0.3396808,-0.20149424760647514,17.5,29.4
1968-04-16,0.9564196,1.109987193434307,88.4,30.1
1968-05-16,0.4075792,0.4873764256223791,173.2,30.2
1968-06-16,0.7582565,0.7272509768043399,160.8,29.300001
1968-07-16,0.09511177,0.05677704331822527,143.2,29.0
1968-08-16,-1.498412,-1.5582265675680096,123.700005,28.800001
1968-09-16,-1.7156835,-1.738915610591283,138.6,28.5
1968-10-16,-0.9347743,-0.9487873629310561,103.1,27.9
1968-11-16,-1.1038696,-0.9912451154893992,9.400001,27.300001
1968-12-16,-2.2382605,-2.152654569141766,0.1,25.800001
1969-01-16,1.9823031,1.8452054773751587,44.5,27.0
1969-02-15,-1.9607035,-1.9796969556019808,0.0,28.1
1969-03-16,0.11247538,0.013002697386622056,30.6,30.4
1969-04-16,0.015040575,-0.19366693668437587,59.4,31.6
1969-05-16,0.009969934,-0.014655886353396772,158.90001,31.2
1969-06-16,0.56698424,0.4216496679904402,153.40001,29.6
1969-07-16,-0.08057655,-0.16033438697857622,130.5,28.4
1969-08-16,-0.12689905,-0.18398588998108753,175.90001,28.6
1969-09-16,1.3051178,1.2615072191844896,297.6,28.2
1969-10-16,-0.005520992,0.06323739872715736,159.3,28.2
1969-11-16,-0.049170528,-0.03684180782154763,24.6,25.6
1969-12-16,-0.34811926,-0.3460670957276413,0.4,23.1
1970-01-16,0.2618101,0.2378913491540213,6.3,25.5
1970-02-15,-0.35728484,-0.1982126314295011,7.6,27.300001
1970-03-16,1.0867985,1.0356658426350371,62.7,30.1
1970-04-16,0.46669525,0.5271321716978417,69.8,30.7
1970-05-16,0.7534385,0.7624891150404528,192.40001,30.7
1970-06-16,1.9334109,1.8477749572929234,214.2,29.1
1970-07-16,0.39975926,0.36779341422232026,148.7,28.6
1970-08-16,1.2471817,1.249481240977423,231.40001,28.2
1970-09-16,0.7431075,0.7048846542573661,267.80002,28.6
1970-10-16,-0.2718091,-0.25461701151562505,134.6,27.7
1970-11-16,-0.23450924,-0.18103529655246647,16.800001,26.2
1970-12-16,2.0961883,2.0918899809900315,17.4,24.9
1971-01-16,0.41654974,0.28255884269506454,1.7,23.6
1971-02-15,0.35194904,0.3218352025535029,9.400001,26.5
1971-03-16,1.0867987,1.0303980899679452,41.0,28.5
1971-04-16,-0.26871312,-0.14413578322927584,37.600002,30.800001
1971-05-16,1.2601304,1.2483080096003951,199.6,30.2
1971-06-16,-0.16423261,-0.21957208350288704,108.5,28.7
1971-07-16,0.14305493,0.08212996989538122,132.6,28.2
1971-08-16,2.3759346,2.2585098125591965,298.9,28.2
1971-09-16,-1.5067631,-1.4307740204950479,141.1,28.6
1971-10-16,-0.3959212,-0.3435289330244569,121.1,27.2
1971-11-16,-0.52282,-0.40166794698662145,9.900001,24.7
1971-12-16,1.3245381,1.2728951904266046,7.4,24.4
1972-01-16,-0.057557736,-0.061927234938833176,0.3,23.7
1972-02-15,0.40549555,0.4341955161547453,10.1,27.7
1972-03-16,0.03556332,0.056925705695341076,19.5,28.6
1972-04-16,1.4242535,1.3750161592781633,102.6,30.2
1972-05-16,-1.6015733,-1.5783098588792737,66.5,31.9
1972-06-16,0.049597405,-0.0005063924173787449,119.1,29.4
1972-07-16,-0.9893386,-0.9371887923357023,94.4,29.2
1972-08-16,-0.3569518,-0.44019235807863455,155.0,28.800001
1972-09-16,0.049891304,0.07504070587502999,227.6,28.7
1972-10-16,1.0022663,0.9102317770923019,209.7,28.5
1972-11-16,1.5541503,1.5912706505283802,77.0,27.300001
1972-12-16,2.188165,1.9951183196148663,18.9,25.0
1973-01-16,-0.9925776,-0.8967143654792962,0.0,25.300001
1973-02-15,-1.9472793,-1.8125008705037142,0.1,28.5
1973-03-16,2.0265684,1.9884833492342173,98.1,30.0
1973-04-16,-1.4223793,-1.4200950391074623,12.2,32.2
1973-05-16,1.2946383,1.2334433031390921,195.8,30.800001
1973-06-16,0.7506674,0.7144543392110184,145.0,29.6
1973-07-16,0.22739026,0.19010528612651462,142.0,29.1
1973-08-16,0.53988284,0.5073436355769874,186.3,28.6
1973-09-16,1.4021436,1.355832991417715,293.80002,28.5
1973-10-16,-0.99800515,-1.080694547797708,86.5,27.800001
1973-11-16,-0.2588411,-0.26702125049330505,10.0,25.5
1973-12-16,0.5158888,0.5290456472158858,0.2,22.7
1974-01-16,-0.43405604,-0.44753094844982605,0.5,24.300001
1974-02-15,-0.15376772,-0.26882651066639296,0.4,26.5
1974-03-16,1.5524848,1.5887268452728034,65.0,28.5
1974-04-16,1.6094593,1.5024821310110927,112.3,30.4
1974-05-16,0.25530437,0.34623483668476124,159.0,29.7
1974-06-16,-0.4950113,-0.5184810315147771,96.9,29.1
1974-07-16,0.14836015,0.06435212795317101,139.0,28.9
1974-08-16,0.9068856,0.8806990354382187,205.40001,28.6
1974-09-16,-0.4113861,-0.3526891448730717,201.7,28.5
1974-10-16,1.619128,1.5088554883306264,242.6,28.0
1974-11-16,1.5574772,1.534565558058986,77.200005,26.300001
1974-12-16,1.0084276,0.9654682117612601,1.2,23.9
1975-01-16,2.7178285,2.7054944380942523,72.700005,25.300001
1975-02-15,0.43549994,0.5078739515977629,10.5,27.6
1975-03-16,0.19963408,0.2708904219158177,23.4,29.7
1975-04-16,-1.1069423,-1.1190367191306632,15.2,31.7
1975-05-16,0.79281604,0.886154901153104,179.2,30.2
1975-06-16,0.41698113,0.358477329485865,126.1,28.800001
1975-07-16,0.2037928,0.1689683163280419,141.1,28.7
1975-08-16,1.0444663,1.029194149681242,211.90001,28.5
1975-09-16,-0.4760408,-0.4298442945592461,204.6,28.2
1975-10-16,0.3959263,0.3640676935127989,173.1,27.9
1975-11-16,0.8964614,0.8307353876838401,48.2,26.0
1975-12-16,1.4172785,1.2715395514822692,8.400001,22.1
1976-01-16,-0.9925776,-0.9101110853731615,0.0,24.6
1976-02-15,1.2002125,1.185299200235048,23.300001,27.5
1976-03-16,0.64850956,0.5774277441699147,32.4,29.1
1976-04-16,0.10156787,0.11672691280980009,50.0,31.300001
1976-05-16,1.4536896,1.4529298651805909,216.6,29.6
1976-06-16,-0.3643051,-0.4858211831295325,110.8,29.6
1976-07-16,0.43749204,0.4709354123685264,150.2,29.0
1976-08-16,1.0915629,1.0345314588677899,211.1,28.2
1976-09-16,-0.38770708,-0.38618415394050837,206.0,28.5
1976-10-16,0.21750456,0.24749537187074655,159.7,28.4
1976-11-16,0.04173543,0.08159480316739084,17.7,25.4
1976-12-16,1.0302173,1.048454089815879,4.5,23.9
1977-01-16,1.9165566,1.8944565273976415,35.7,25.7
1977-02-15,0.5861371,0.40189914043811864,6.4,26.6
1977-03-16,1.3976976,1.3381104265617223,54.2,28.800001
1977-04-16,0.8125341,0.826035582037495,75.3,31.0
1977-05-16,0.44309533,0.38988570589770905,153.40001,30.5
1977-06-16,-2.1788456,-1.9186652630333358,43.5,30.5
1977-07-16,0.05221695,0.007357113957556526,138.5,29.4
1977-08-16,-0.5063206,-0.46594484134207875,158.8,29.1
1977-09-16,-0.3718738,-0.3438897417371126,203.7,28.4
1977-10-16,-0.5428436,-0.4851702129772997,118.5,28.6
1977-11-16,-0.30794346,-0.25424753970208414,15.0,26.2
1977-12-16,1.7726625,1.6809423448632748,12.7,23.9
1978-01-16,0.9848069,0.992392541983673,12.3,26.4
1978-02-15,2.4394321,2.328478469076404,55.2,27.7
1978-03-16,-0.8037106,-0.7533327042178644,11.400001,30.6
1978-04-16,-0.4169363,-0.44258261878583416,36.0,31.800001
1978-05-16,0.34528378,0.2841321918672153,145.1,30.800001
1978-06-16,0.46834266,0.3696975344304495,137.3,29.7
1978-07-16,2.7050035,2.5897258760156867,293.4,28.800001
1978-08-16,-0.5171717,-0.5655421419280118,146.0,28.6
1978-09-16,1.2800772,1.313379685777986,283.80002,28.300001
1978-10-16,-0.21172427,-0.27957781740955284,138.1,27.9
1978-11-16,-1.150779,-1.2003962835343536,2.2,26.4
1978-12-16,-0.8739578,-0.742122945336817,0.1,24.5
1979-01-16,-0.9083783,-0.7174014340068084,0.5,26.800001
1979-02-15,0.17485853,0.1209549884905086,13.400001,28.800001
1979-03-16,-1.7694088,-1.6642838984343913,3.4,31.1
1979-04-16,0.009199284,-0.06922987239254942,53.0,32.0
1979-05-16,-0.31004867,-0.32900087088786834,124.4,31.300001
1979-06-16,0.892361,0.7992549795808583,150.7,29.5
1979-07-16,-1.5864462,-1.5974957116717154,77.6,29.6
1979-08-16,-0.5117463,-0.590140565906944,152.40001,29.0
1979-09-16,0.36715302,0.3769437463602402,243.0,28.800001
1979-10-16,-1.8429451,-1.6421936204579974,37.4,27.9
1979-11-16,-1.6978766,-1.6734242459814603,0.2,26.1
1979-12-16,-0.8121286,-0.8670332813325731,0.5,24.300001
1980-01-16,-1.5727559,-1.5672476034496183,0.0,25.4
1980-02-15,0.037508015,-0.09169604609203874,8.7,28.2
1980-03-16,0.19554658,0.26072480791579905,35.7,30.5
1980-04-16,-0.44894406,-0.45317119347895146,38.100002,32.3
1980-05-16,1.158287,1.1173642957987802,205.1,31.4
1980-06-16,1.2041814,1.1498403941507207,161.0,29.0
1980-07-16,1.2839195,1.263391538019167,185.7,29.300001
1980-08-16,-0.23759647,-0.32142023809267045,162.5,28.6
1980-09-16,1.4351631,1.3802484205004664,289.5,28.1
1980-10-16,0.3043416,0.3508718400936962,161.6,27.9
1980-11-16,0.7643097,0.8132983485645294,46.3,26.5
1980-12-16,0.40951908,0.4622314921265856,2.5,24.1
1981-01-16,0.26180947,0.12539643236057432,0.1,23.9
1981-02-15,0.32075045,0.2046290481767074,5.9,27.5
1981-03-16,-0.07459189,-0.049825931803730565,20.1,29.4
1981-04-16,1.4606887,1.3981693347074777,108.1,30.2
1981-05-16,1.2543335,1.2557871393806206,193.0,29.6
1981-06-16,1.5126475,1.5355457260448575,172.6,28.4
1981-07-16,1.1223553,1.133851036800647,174.3,28.1
1981-08-16,-0.4954665,-0.5222601152476689,146.8,28.1
1981-09-16,-1.2713519,-1.1596775278665405,156.6,28.1
1981-10-16,0.2644387,0.32074417624274426,159.3,27.7
1981-11-16,1.9606133,1.9096633109757393,105.5,26.1
1981-12-16,0.9305661,0.9132720430542991,0.5,22.6
1982-01-16,-0.09372308,-0.1504430660505325,0.0,24.0
1982-02-15,-1.0343692,-0.9848013626091612,1.3000001,27.800001
1982-03-16,-0.37350366,-0.41568715158235114,16.800001,29.800001
1982-04-16,0.41072315,0.31832805208907616,52.100002,30.1
1982-05-16,-0.0119574005,0.03938344031552013,136.1,30.5
1982-06-16,-0.6746917,-0.628719640536262,93.6,28.7
1982-07-16,-1.0538093,-1.04413156343106,88.9,28.300001
1982-08-16,-0.7465595,-0.70877697097105,137.5,27.7
1982-09-16,0.4142996,0.46879468252847123,242.2,27.6
1982-10-16,-0.36887473,-0.2397645760325736,128.90001,27.7
1982-11-16,0.5471828,0.5550722033029772,45.0,27.300001
1982-12-16,0.47638154,0.4878897930099458,3.0,22.7
1983-01-16,1.6189517,1.6230295364215612,22.800001,24.300001
1983-02-15,-0.7436678,-0.7868306709057001,0.8,28.0
1983-03-16,-1.4159732,-1.3925309399334769,3.3,29.9
1983-04-16,-1.9388108,-1.8540198198097104,12.900001,32.600002
1983-05-16,0.103111126,0.049574854833913704,145.0,31.0
1983-06-16,-0.32435775,-0.31291215007800444,112.200005,29.2
1983-07-16,0.72679365,0.5667727174099587,165.3,29.0
1983-08-16,1.2490917,1.2251890670539975,225.3,28.300001
1983-09-16,-0.76753837,-0.7313447892737223,183.0,28.1
1983-10-16,1.5288415,1.5254143029756935,232.90001,27.4
1983-11-16,1.8127238,1.7781142289137184,91.0,25.0
1983-12-16,1.217511,1.2231129433900356,9.400001,23.2
1984-01-16,0.25165942,0.16978738839430427,0.0,24.2
1984-02-15,2.1029475,2.0615913624848066,44.5,27.9
1984-03-16,-0.82476,-0.8556517707080675,4.8,29.2
1984-04-16,0.6061446,0.7022097068547324,66.200005,31.2
1984-05-16,-0.16246958,-0.13609270236224705,122.4,29.9
1984-06-16,0.63773704,0.5687120353984401,137.5,28.300001
1984-07-16,0.59464675,0.5314547443991021,153.5,28.300001
1984-08-16,-1.0008855,-1.0833678171178456,131.0,28.2
1984-09-16,-0.15488304,-0.16912610239910078,214.5,27.6
1984-10-16,-0.03336622,0.04393649240358846,142.2,27.1
1984-11-16,-0.43316877,-0.3105677219989749,15.1,26.4
1984-12-16,-0.40962383,-0.2872471578406917,0.0,24.4
1985-01-16,0.20002577,0.22334493299013347,5.7000003,25.6
1985-02-15,-0.2202695,-0.32263305124057107,2.8,28.4
1985-03-16,-0.5716738,-0.6627524121155498,9.7,29.6
1985-04-16,0.6809569,0.6017869994411148,72.5,30.800001
1985-05-16,0.94896716,0.9511859677342936,176.2,29.4
1985-06-16,-0.095627464,-0.13729279354722543,107.8,28.2
1985-07-16,-0.047875535,-0.16304896859216061,125.5,28.0
1985-08-16,-1.0374025,-1.0416125937964227,126.5,28.2
1985-09-16,-0.036418658,-0.0582609026176443,220.3,27.7
1985-10-16,0.8876309,0.948149980882661,196.3,27.4
1985-11-16,1.177557,1.2175495964912861,60.2,26.800001
1985-12-16,-0.33278173,-0.29604771465836677,0.5,23.7
1986-01-16,-0.09372308,-0.1218606120258777,0.0,23.800001
1986-02-15,-0.35728514,-0.3497746931462067,4.5,27.5
1986-03-16,-1.0224655,-1.0855383329222035,4.2000003,28.7
1986-04-16,0.8805638,0.843355910519214,81.6,30.800001
1986-05-16,0.9619003,0.9584839485090837,177.0,29.6
1986-06-16,-0.883307,-0.6887638235081157,89.1,29.2
1986-07-16,-0.9081481,-0.9165476224986671,94.3,28.5
1986-08-16,0.18833116,0.24209798733084434,184.7,28.5
1986-09-16,-1.3293163,-1.3470516320329662,162.2,28.300001
1986-10-16,-0.66527855,-0.6935653209537139,107.9,27.800001
1986-11-16,-0.75122535,-0.6386502390827259,7.8,26.300001
1986-12-16,1.3245376,1.2722465276378037,10.5,24.1
1987-01-16,-0.9755535,-0.9463569960522038,0.1,25.800001
1987-02-15,0.11566142,0.10452658183140653,12.7,28.1
1987-03-16,0.78109837,0.6603317317987323,42.7,29.5
1987-04-16,0.47674266,0.4865695196542122,82.6,31.9
1987-05-16,-1.8733163,-1.7965525422706659,69.200005,31.7
1987-06-16,0.9743237,1.0206950813599915,172.7,30.2
1987-07-16,-2.2164013,-2.1525236787070834,54.2,30.1
1987-08-16,1.0527158,1.030811485590817,240.2,29.4
1987-09-16,0.35688794,0.3746120087800861,251.8,28.9
1987-10-16,-1.0440046,-1.0673845008647573,102.0,28.800001
1987-11-16,1.4558586,1.3504418157830478,77.5,28.0
1987-12-16,0.057556227,0.023780555852274156,0.0,22.6
1988-01-16,-1.5727559,-1.5776636293100919,0.0,26.300001
1988-02-15,-0.6359345,-0.6278724186361303,11.1,29.0
1988-03-16,-0.72018445,-0.713465407608485,19.2,30.7
1988-04-16,1.6484956,1.5500759067605971,136.90001,31.6
1988-05-16,0.85686964,0.9729955025091186,198.5,30.4
1988-06-16,1.6329863,1.6695568907449037,200.5,29.6
1988-07-16,1.2631155,1.2839785896957085,200.1,29.2
1988-08-16,0.19611518,0.08612959562030036,191.2,29.2
1988-09-16,-1.1272078,-1.139652885538509,181.0,29.1
1988-10-16,1.5810941,1.5662526220213413,246.0,27.9
1988-11-16,0.11185468,0.0019316457893835985,25.800001,25.6
1988-12-16,-0.889394,-0.9021176233079342,0.0,23.800001
1989-01-16,-0.56370175,-0.36316249822681235,2.7,26.800001
1989-02-15,-0.520198,-0.5566711685736013,9.1,27.9
1989-03-16,0.5838616,0.6602784526794866,36.7,29.2
1989-04-16,-1.6929377,-1.579946996162301,23.0,32.2
1989-05-16,-0.37486154,-0.3257024319338726,133.6,30.7
1989-06-16,-0.30722135,-0.3019925736125654,119.0,29.300001
1989-07-16,-0.8071927,-0.9486289519434405,107.3,29.5
1989-08-16,-1.718122,-1.5756370090797598,126.9,29.1
1989-09-16,-1.6181443,-1.476608326747572,148.8,28.9
1989-10-16,0.16178638,0.16870855964568787,165.8,28.0
1989-11-16,-1.1696098,-1.0871309171149637,8.0,26.800001
1989-12-16,-1.3610204,-1.3460904263792988,0.0,23.9
1990-01-16,-1.4713725,-1.3175137722272705,0.5,26.9
1990-02-15,-0.59350663,-0.4395206636075771,11.5,28.800001
1990-03-16,0.7685665,0.8039502544044643,45.4,29.7
1990-04-16,-0.3597249,-0.45555822387734635,53.3,32.0
1990-05-16,1.5738044,1.5262706284733654,250.6,30.9
1990-06-16,-1.1914179,-1.2465071377822068,83.6,30.0
1990-07-16,-1.7851673,-1.750110266729867,72.6,29.4
1990-08-16,-0.6254592,-0.631392196671339,173.0,29.6
1990-09-16,-0.96585274,-0.9732554838041795,187.40001,29.0
1990-10-16,0.68105286,0.6319631598761991,196.1,28.300001
1990-11-16,0.10455141,0.13967086281591906,34.9,27.1
1990-12-16,-1.3460656,-1.2909515722074787,0.1,24.9
1991-01-16,-0.56370187,-0.4291268303881122,8.900001,27.300001
1991-02-15,-1.8939613,-1.8094360206331517,0.5,28.2
1991-03-16,-1.4785819,-1.3582166700154972,11.5,31.1
1991-04-16,0.15247782,0.13556122829537626,70.4,32.2
1991-05-16,-1.1457323,-1.116153521690285,107.0,31.5
1991-06-16,-0.26720747,-0.2899413612399662,111.1,29.9
1991-07-16,-1.2860869,-1.3008972315443437,89.4,29.7
1991-08-16,0.66585207,0.6976600895917728,200.90001,28.7
1991-09-16,-1.6694187,-1.5754166768480447,138.90001,29.0
1991-10-16,-0.326433,-0.40553160607730804,137.6,27.9
1991-11-16,-1.2073869,-1.178585406293532,7.2000003,26.300001
1991-12-16,1.051806,1.0862235315929742,7.8,25.0
1992-01-16,1.0154002,1.0850347779528589,12.8,24.9
1992-02-15,0.328591,0.4381846119120025,18.4,27.6
1992-03-16,-1.7753409,-1.867971565489104,0.2,30.300001
1992-04-16,-1.6128381,-1.573734399145877,19.1,33.0
1992-05-16,-2.0018694,-1.89008567223694,76.9,32.3
1992-06-16,-0.40987736,-0.4392825856534673,121.6,30.2
1992-07-16,1.6612754,1.617074189451763,216.8,29.2
1992-08-16,-0.6874718,-0.5883989679885453,158.3,28.9
1992-09-16,-0.11619099,-0.1332162592039148,231.90001,28.9
1992-10-16,0.15133156,-0.015153660028269882,152.8,27.1
1992-11-16,-0.9969093,-0.8506414358958511,5.5,25.6
1992-12-16,1.2075101,1.1517362078504951,18.6,24.6
1993-01-16,0.114260264,0.0075791675348321225,1.8000001,25.4
1993-02-15,-1.1500965,-1.2502159518105815,0.3,27.0
1993-03-16,1.7420572,1.7212013898313283,88.1,29.800001
1993-04-16,-0.09145735,0.050775984332436436,58.9,31.4
1993-05-16,-0.82635903,-0.7543767232427059,117.3,31.300001
1993-06-16,-2.1727138,-2.0976411516365165,59.3,30.4
1993-07-16,-1.5939126,-1.534193237869581,95.9,30.0
1993-08-16,-1.0008854,-0.9994480861542431,140.3,29.0
1993-09-16,0.027255328,0.11983594869008354,235.8,28.800001
1993-10-16,-1.341898,-1.437863415615594,71.6,28.1
1993-11-16,-1.3937376,-1.5421461742425318,0.2,27.0
1993-12-16,-0.84305894,-0.886125161505243,0.3,24.2
1994-01-16,-2.3094707,-2.164949208356431,0.0,26.300001
1994-02-15,-1.8543543,-1.6988690108672138,0.8,29.4
1994-03-16,1.7237697,1.7332312276281356,77.700005,29.1
1994-04-16,0.09586429,0.14519603333788617,71.5,31.9
1994-05-16,1.7771107,1.7800059313113779,261.1,30.7
1994-06-16,1.5501102,1.5821219125688315,183.8,29.300001
1994-07-16,-1.0618364,-1.1203964693771136,91.700005,28.9
1994-08-16,0.85218966,0.8502014802531019,206.0,28.6
1994-09-16,-2.0208926,-1.9500131865232642,114.6,28.800001
1994-10-16,-1.3134263,-1.3015550398827473,86.1,27.5
1994-11-16,-1.2073869,-1.1582776714484375,7.2000003,26.7
1994-12-16,-1.3160976,-1.2497711760450358,3.4,25.9
1995-01-16,-0.06954455,-0.15562808925057506,6.4,25.9
1995-02-15,-0.8094182,-0.9297344981764165,0.2,27.2
1995-03-16,0.26018924,0.15215848151761543,31.1,30.2
1995-04-16,-0.5849765,-0.5557239329567125,40.100002,32.0
1995-05-16,0.66627103,0.599227084593577,190.5,31.300001
1995-06-16,-0.281502,-0.26185529450562245,132.3,30.300001
1995-07-16,1.2151511,1.2010159530836584,185.2,29.1
1995-08-16,1.938948,1.8640778643573612,264.30002,28.4
1995-09-16,0.19626689,0.23599377346762612,240.90001,28.6
1995-10-16,-0.41950777,-0.47942689173086195,122.8,27.9
1995-11-16,-0.13474351,-0.07502314281328,19.300001,26.7
1995-12-16,-0.7811716,-0.8080786353732629,0.7,23.800001
1996-01-16,-1.4913701,-1.381965480826741,0.4,25.6
1996-02-15,1.6424934,1.6942267171340377,28.1,26.6
1996-03-16,1.4061708,1.3669367793891445,79.4,29.800001
1996-04-16,1.6981599,1.6006356933216541,131.40001,30.5
1996-05-16,-0.43965012,-0.3397275098183381,130.40001,29.800001
1996-06-16,1.6215782,1.591963530790949,199.90001,29.300001
1996-07-16,-0.28414565,-0.42774337722640693,126.200005,29.0
1996-08-16,0.26059914,0.27444581725200234,190.6,28.9
1996-09-16,0.8569929,0.8863925176345274,267.4,28.0
1996-10-16,-0.19794619,-0.23244507384977325,142.0,27.9
1996-11-16,1.8277553,1.6834232220252543,101.4,27.1
1996-12-16,0.07214534,0.15896045257065602,0.1,23.6
1997-01-16,-0.47656843,-0.5111004051770626,0.2,24.7
1997-02-15,-1.1617876,-1.2022503968841043,0.2,27.6
1997-03-16,1.4457452,1.3545138507676662,72.0,29.300001
1997-04-16,0.514068,0.6251190165124327,77.9,30.4
1997-05-16,-1.6312817,-1.478678241506299,86.5,30.9
1997-06-16,-2.2997358,-2.277697557558825,59.2,30.6
1997-07-16,-0.16550478,-0.11907952590537653,127.4,29.4
1997-08-16,1.0361915,0.9794045190816909,217.7,28.9
1997-09-16,-0.07942684,-0.07383608823169187,233.7,28.7
1997-10-16,-0.7690567,-0.9503577964348702,120.0,28.6
1997-11-16,-0.5660565,-0.5115775259827172,21.300001,27.5
1997-12-16,-2.2521749,-2.186339893740272,0.0,26.4
1998-01-16,-0.18053903,-0.1416496305954496,11.7,27.4
1998-02-15,-1.5228765,-1.5569492111721095,3.4,29.4
1998-03-16,-1.2474909,-1.1877858291939554,12.5,31.300001
1998-04-16,-0.67694795,-0.6907375421877635,46.600002,32.3
1998-05-16,-0.5970662,-0.6448524319876751,135.0,31.800001
1998-06-16,0.04959762,0.02133759024468295,150.1,30.5
1998-07-16,0.20116481,0.2726402634144776,153.40001,29.7
1998-08-16,-0.82404065,-0.74618071662022,162.5,29.300001
1998-09-16,-1.019361,-0.8666763531856893,184.3,28.4
1998-10-16,-1.0792233,-1.0067546251497623,93.4,28.5
1998-11-16,0.84998727,0.8734859656377226,55.7,27.0
1998-12-16,0.40951908,0.38245226191343523,2.5,24.9
1999-01-16,1.1579058,1.0821993219594896,15.3,25.800001
1999-02-15,0.4054946,0.4263033683202096,13.2,27.6
1999-03-16,-0.64288884,-0.6185152208785248,14.5,30.1
1999-04-16,2.2370784,2.136275095199072,169.90001,30.2
1999-05-16,2.2851703,2.2639332073777854,300.9,29.4
1999-06-16,-0.5936545,-0.6494632153576111,102.700005,28.7
1999-07-16,-0.57548827,-0.628130927244628,118.8,28.9
1999-08-16,0.43217438,0.46950799344542776,194.3,28.6
1999-09-16,-0.38968366,-0.24627922789826454,215.2,28.4
1999-10-16,0.491972,0.5245165445114389,178.7,27.800001
1999-11-16,0.79421204,0.8074936934028656,47.4,26.800001
1999-12-16,1.1568053,1.0614526007334606,2.6000001,22.300001
2000-01-16,-0.7942619,-0.7750230951354785,1.2,26.0
2000-02-15,0.95304763,0.8839674367155373,18.5,26.9
2000-03-16,-0.025650218,-0.03769217350435515,21.2,29.300001
2000-04-16,2.1501281,1.8818796347071618,163.40001,30.1
2000-05-16,1.286055,1.2544491203024923,223.1,30.0
2000-06-16,1.5185977,1.574222003602752,185.3,28.9
2000-07-16,-0.98664266,-0.8815889689022509,100.700005,28.9
2000-08-16,-0.7706583,-0.7414295616494996,155.2,28.9
2000-09-16,-0.964113,-0.7456369339874146,181.3,28.300001
2000-10-16,0.82609653,0.7475638298010469,201.8,28.2
2000-11-16,-1.3408076,-1.1757739468798545,4.4,26.4
2000-12-16,-1.3310915,-1.3662174317395817,0.2,25.7
2001-01-16,0.3018328,0.3734425950407364,6.7000003,27.0
2001-02-15,-1.0114819,-1.1108884539551866,1.5,28.2
2001-03-16,2.1338317,1.976967004681164,94.200005,29.1
2001-04-16,-1.5122352,-1.5378981084040906,22.0,32.5
2001-05-16,1.5687072,1.5431979500345379,237.8,29.800001
2001-06-16,-0.25862905,-0.3159998428465428,117.6,29.0
2001-07-16,-0.6142798,-0.6121110287931284,114.3,28.9
2001-08-16,0.6588352,0.6015820636162996,203.7,28.6
2001-09-16,-1.3601782,-1.28341815645851,163.3,28.7
2001-10-16,0.42860663,0.5248917218054661,181.2,28.1
2001-11-16,-0.51851535,-0.48246082293143705,16.2,25.2
2001-12-16,-0.09028351,0.05229817296449255,2.1000001,24.2
2002-01-16,0.9213141,0.8952926476723045,14.400001,25.300001
2002-02-15,-0.48915318,-0.49479527465331763,6.3,28.2
2002-03-16,1.1356392,1.0618621367665917,55.3,29.6
2002-04-16,-0.41693634,-0.42139951220673905,48.4,31.300001
2002-05-16,1.146222,1.1063358537314176,210.5,30.1
2002-06-16,-1.0775672,-1.0748216785825846,94.200005,29.7
2002-07-16,-1.0108782,-1.0856093158117812,102.9,29.5
2002-08-16,1.4258226,1.39465341626201,234.90001,28.300001
2002-09-16,1.384662,1.3873524988428518,299.0,28.0
2002-10-16,-0.5097429,-0.4665645152557625,132.90001,28.2
2002-11-16,1.4196938,1.4003773556556196,78.6,27.2
2002-12-16,2.188165,1.9591939295420437,25.1,26.1
2003-01-16,0.58298093,0.6612505239173152,9.8,25.2
2003-02-15,0.5442563,0.40931966318717383,18.2,28.0
2003-03-16,1.7001201,1.6636795746111661,76.3,29.1
2003-04-16,-0.70670336,-0.7074472584012768,45.7,31.7
2003-05-16,-1.2954671,-1.173573561207069,99.0,31.0
2003-06-16,1.3214462,1.316758337075287,175.7,29.4
2003-07-16,0.5656681,0.5787431091343478,161.6,28.9
2003-08-16,-1.0892844,-0.8602604564748836,143.1,29.1
2003-09-16,0.5992428,0.588759709408728,257.5,28.5
2003-10-16,-1.6546282,-1.5636031438849625,53.4,28.300001
2003-11-16,-2.019163,-2.0813786863602304,0.1,27.800001
2003-12-16,-0.889394,-0.9352283724598346,0.0,24.1
2004-01-16,-0.6998049,-0.6623168658037318,1.8000001,25.9
2004-02-15,1.3401533,1.2626358135671258,29.5,27.0
2004-03-16,-1.6517731,-1.5940814850255007,2.3,30.2
2004-04-16,-1.1615002,-1.1396169745730962,32.2,32.0
2004-05-16,0.26879436,0.28525529052967735,165.90001,30.2
2004-06-16,2.0277133,1.9311093730819464,210.6,29.0
2004-07-16,0.7909253,0.8336007974497617,171.2,28.9
2004-08-16,-1.7718184,-1.5816119896147605,109.1,28.6
2004-09-16,-0.022058237,-0.06955421427496547,227.2,28.300001
2004-10-16,-2.0944426,-1.986143477318337,20.5,28.1
2004-11-16,-1.4324176,-1.3279121782215368,8.7,27.5
2004-12-16,-1.3610204,-1.391679564779168,0.0,24.0
2005-01-16,0.647961,0.5429716343289667,10.6,25.6
2005-02-15,-2.3404036,-2.0971870625131186,0.4,29.2
2005-03-16,0.53133565,0.5351265147563793,38.3,29.5
2005-04-16,0.3191984,0.13478493684474444,70.3,31.4
2005-05-16,-1.6277951,-1.5854393601714727,74.3,31.1
2005-06-16,1.10052,1.1533983485627115,168.8,29.6
2005-07-16,-0.18751372,-0.21762192090627575,129.7,28.9
2005-08-16,-0.29722768,-0.3374739289304318,166.5,28.9
2005-09-16,1.6935861,1.6308212090666532,317.30002,28.2
2005-10-16,-1.1256462,-1.1231406376827042,90.200005,28.300001
2005-11-16,0.80764663,0.770262580490464,51.0,27.1
2005-12-16,1.3245381,1.2619674333089979,7.4,24.300001
2006-01-16,-1.5727559,-1.5130218778679576,0.0,25.800001
2006-02-15,1.2831539,1.220649350477764,28.2,28.300001
2006-03-16,0.15847643,0.3852240766281464,28.6,30.0
2006-04-16,1.4771128,1.317891630088912,124.700005,30.9
2006-05-16,1.4869354,1.4949455269053817,228.40001,29.7
2006-06-16,0.39522052,0.49891936778299295,150.1,29.300001
2006-07-16,-0.436698,-0.3723496642755179,114.5,28.800001
2006-08-16,0.7099664,0.7057466013313994,205.90001,28.4
2006-09-16,0.32400638,0.4216866697094754,250.2,28.2
2006-10-16,1.0772102,1.0801625493300573,223.8,28.300001
2006-11-16,-1.8592637,-1.6702177659482416,3.2,28.0
2006-12-16,-1.3010856,-1.3144985935985873,0.4,24.7
2007-01-16,-0.94178325,-0.9546839770134968,0.3,25.800001
2007-02-15,-1.3277495,-1.2751629974280427,1.9,27.800001
2007-03-16,-1.1754869,-1.0887537906967755,4.5,30.300001
2007-04-16,0.40299743,0.25133581049489573,67.3,31.0
2007-05-16,1.9741956,1.9908638770629405,269.5,29.4
2007-06-16,0.61427224,0.3956715665354185,158.3,29.800001
2007-07-16,-0.8645954,-0.893711604661083,108.3,28.800001
2007-08-16,-1.5853405,-1.4782763407485242,120.1,28.800001
2007-09-16,-0.7158943,-0.6118994645424543,195.1,28.5
2007-10-16,0.33896783,0.4045513078708701,169.8,27.7
2007-11-16,-0.33685166,-0.2738353142283319,17.4,25.7
2007-12-16,-1.8148702,-1.7363459628652687,0.0,25.6
2008-01-16,1.2156072,1.1836136502720134,19.5,25.7
2008-02-15,1.6828016,1.5840087485272527,29.300001,27.0
2008-03-16,-0.17005473,-0.15393786163258297,18.0,29.300001
2008-04-16,1.3014756,1.3444448523673505,107.3,30.7
2008-05-16,0.051701974,-0.00029128157867956087,139.3,29.4
2008-06-16,-0.06993104,-0.05926955080987631,127.3,29.0
2008-07-16,-0.52555424,-0.5915003161533943,117.5,28.6
2008-08-16,-1.0426059,-0.9880011303123963,141.8,28.7
2008-09-16,0.117888376,0.11954459161672808,237.1,28.1
2008-10-16,1.4490657,1.4494231761888505,239.6,28.300001
2008-11-16,0.80764663,0.8654544950039625,51.0,26.2
2008-12-16,0.5419682,0.5418528567289316,6.6,23.7
2009-01-16,-0.49089432,-0.49629556430880184,0.1,23.800001
2009-02-15,-1.4612437,-1.4972656900806929,0.8,28.5
2009-03-16,1.1830052,1.1804245383926273,54.100002,29.4
2009-04-16,0.94634056,0.9227782964896053,91.0,30.9
2009-05-16,1.3706,1.368620399557309,226.0,29.800001
2009-06-16,1.444278,1.4574667290165813,184.7,29.1
2009-07-16,0.37950167,0.27270958919759064,144.8,28.7
2009-08-16,1.1158104,1.0085291510727645,234.0,29.2
2009-09-16,-0.26809475,-0.2761666113118308,224.40001,28.5
2009-10-16,0.739148,0.5909556901149616,196.5,28.300001
2009-11-16,-1.3024964,-1.2898559521458874,5.2000003,26.9
2009-12-16,-1.3460656,-1.4611246595576461,0.1,25.5
2010-01-16,1.7968428,1.8563976163899987,28.300001,26.6
2010-02-15,-1.5228769,-1.5481939835578558,0.3,29.300001
2010-03-16,-1.0876977,-1.059154848688228,6.1,30.2
2010-04-16,-1.6720136,-1.6557594071633275,17.4,32.4
2010-05-16,-1.7910036,-1.773967901190972,71.0,32.0
2010-06-16,1.2306492,1.2475612628897073,193.2,30.4
2010-07-16,1.0509698,1.112582515822509,183.2,29.4
2010-08-16,1.5400658,1.442914901036644,244.6,28.300001
2010-09-16,-0.4779893,-0.4974760114405623,210.7,28.6
2010-10-16,0.9786008,0.9672700528412626,202.0,27.6
2010-11-16,-1.3744564,-1.37660065108726,0.6,26.9
2010-12-16,1.1258146,1.058925995823467,11.6,25.4
2011-01-16,0.3886023,0.3820359715982579,4.5,24.800001
2011-02-15,0.51582646,0.51569754976234,14.7,27.800001
2011-03-16,2.192757,2.1159115641109882,96.1,27.7
2011-04-16,1.6917185,1.6474107326213956,124.700005,30.0
2011-05-16,1.6916713,1.706930640669459,247.7,30.0
2011-06-16,1.1662805,1.1413461922687085,162.40001,29.0
2011-07-16,1.9420741,1.897646226605901,229.5,28.5
2011-08-16,1.3683459,1.406131500534156,237.90001,28.5
2011-09-16,-0.13453433,-0.08939751356927282,218.6,28.1
2011-10-16,0.64427733,0.6524158810489417,187.7,27.9
2011-11-16,-1.0386068,-0.9531392181718705,13.900001,27.5
2011-12-16,-0.24114615,-0.2753321847907307,1.1,24.300001
2012-01-16,1.3506341,1.2716526542424949,16.1,26.6
2012-02-15,-0.7436674,-0.7850949462760372,3.9,28.6
2012-03-16,0.27609774,0.33067200595309,28.4,30.0
2012-04-16,0.21915364,0.2837502183390797,66.6,31.4
2012-05-16,0.3281646,0.3436414021393672,165.90001,30.300001
2012-06-16,-0.837167,-0.8506509170619531,90.8,29.300001
2012-07-16,-0.46724707,-0.4690612922493911,113.4,28.7
2012-08-16,-1.2529157,-1.2047700377517399,130.5,28.7
2012-09-16,0.16738844,0.19029493042458565,236.40001,28.2
2012-10-16,-0.5691916,-0.5042568491421697,129.3,28.6
2012-11-16,0.993112,0.8214571017556056,61.4,28.1
2012-12-16,-0.6416745,-0.5472145024760497,1.6,26.6
2013-01-16,1.2607781,1.2060726029727624,20.4,26.2
2013-02-15,1.0399823,0.8776110280292123,20.1,28.800001
2013-03-16,0.7810984,0.7857981843336389,45.8,30.1
2013-04-16,-0.70670366,-0.7709416628888829,36.4,31.7
2013-05-16,-0.9770415,-0.8605140147400183,115.8,31.300001
2013-06-16,-0.5683701,-0.5311032743847093,106.700005,29.1
2013-07-16,1.0302098,1.1082060766731292,172.90001,28.5
2013-08-16,0.47902152,0.5550541219640837,199.3,29.1
2013-09-16,1.2186834,1.333636071298705,289.7,28.1
2013-10-16,0.56339777,0.5252773032109678,186.0,27.800001
2013-11-16,0.20159465,0.10322182025074467,31.4,27.4
2013-12-16,0.7911825,0.7643692386688903,2.4,22.6
2014-01-16,-0.09372308,-0.1831986805062166,0.0,23.4
2014-02-15,-0.78741044,-0.9019527517027093,0.4,27.6
2014-03-16,-0.40758938,-0.35782552465676354,19.2,30.0
2014-04-16,0.83617806,0.7739140880016029,88.8,31.5
2014-05-16,-0.38498813,-0.33920487102498137,142.40001,31.300001
2014-06-16,-0.35860202,-0.5420419390385395,117.200005,29.800001
2014-07-16,-0.36729267,-0.29093453436518113,123.200005,29.2
2014-08-16,1.0609409,1.0135892410309852,225.1,28.800001
2014-09-16,-1.354032,-1.3415778108353744,163.7,28.6
2014-10-16,-0.5047625,-0.5350073333114853,130.1,28.2
2014-11-16,-0.61400706,-0.6285248571105471,20.2,28.0
2014-12-16,0.15885647,0.015852878553893043,3.8,25.2
2015-01-16,1.781918,1.7850536034591287,27.800001,24.5
2015-02-15,-0.0069041885,0.03353006307738854,8.2,27.5
2015-03-16,1.0710589,1.0544455155593395,55.9,30.6
2015-04-16,-0.41374427,-0.42387153748355266,45.4,31.1
2015-05-16,-2.0939958,-1.9912143070045318,61.9,31.9
2015-06-16,-2.3215506,-2.2224839448118114,51.9,30.4
2015-07-16,-0.18751347,-0.2507248459985389,132.8,29.7
2015-08-16,-1.0191641,-0.9238208515566422,152.0,29.1
2015-09-16,-0.49160844,-0.5463153439226692,213.1,28.7
2015-10-16,0.107754715,-0.07032724919675361,162.7,28.4
2015-11-16,-0.119027935,-0.24888686321678036,35.2,28.4
2015-12-16,0.7308654,0.5973751107990086,11.2,26.300001
2016-01-16,1.5265639,1.5843170122817547,23.4,26.300001
2016-02-15,-1.138427,-1.2422424589270558,0.4,27.300001
2016-03-16,-1.1040885,-1.1465868902199323,8.900001,30.7
2016-04-16,-1.7558379,-1.6583018699529077,21.2,33.5
2016-05-16,-0.5890208,-0.4917849624638727,135.40001,32.100002
2016-06-16,-0.33292264,-0.3246543225829473,121.200005,29.9
2016-07-16,-0.19026706,-0.1946772682031116,132.7,29.5
2016-08-16,-0.4004151,-0.36841590328856394,165.8,28.800001
2016-09-16,-0.061008766,-0.025260958039551175,228.40001,29.0
2016-10-16,1.6554332,1.6077967425647766,260.80002,28.4
2016-11-16,1.028873,0.8240936210690826,62.9,28.0
2016-12-16,0.31383294,0.3233138449447897,1.8000001,25.6
2017-01-16,1.9269723,1.9587197034286945,26.800001,26.5
2017-02-15,-1.0573424,-0.942407544993913,4.2000003,27.6
2017-03-16,0.6882785,0.8331419257912501,42.9,29.800001
2017-04-16,-0.21915483,-0.05211195736789402,48.5,31.1
2017-05-16,2.635526,2.5197402708652703,348.4,30.2
2017-06-16,2.3909538,2.2576674151462406,240.90001,29.5
2017-07-16,0.10846374,0.04900661939273795,140.6,28.9
2017-08-16,1.218353,1.18201611573589,233.0,29.1
2017-09-16,-0.3659266,-0.34081293552876657,219.5,29.300001
2017-10-16,1.6420288,1.5963374528165848,253.6,28.5
2017-11-16,0.22970259,0.12334431576431983,29.1,27.300001
2017-12-16,2.1397128,1.961541902570346,21.2,24.7
2018-01-16,0.55786365,0.36299078407103724,3.3,26.300001
2018-02-15,0.74484503,0.7632405603821293,15.0,27.2
2018-03-16,0.37705916,0.31115034787718177,24.800001,29.6
2018-04-16,1.3600297,1.4091614462888034,107.8,30.300001
2018-05-16,0.05566713,0.18803262350770059,151.90001,30.2
2018-06-16,0.16815339,0.16352303302089655,126.4,29.300001
2018-07-16,0.4946983,0.5079776151439488,146.3,28.9
2018-08-16,-0.025061289,0.0584386124335916,170.40001,28.300001
2018-09-16,-2.0813515,-1.8914090080932284,109.5,28.7
2018-10-16,-0.4981158,-0.4883637717752999,136.7,28.800001
2018-11-16,-0.35345697,-0.35466707973499056,23.2,27.9
2018-12-16,0.7911824,0.7716049625830814,8.6,26.6
2019-01-16,0.847682,0.7098339907708555,10.2,26.7
2019-02-15,0.328591,0.005706723755817373,18.4,29.2
2019-03-16,-1.4103038,-1.2260266443441565,6.5,30.5
2019-04-16,-1.1035371,-1.4970488818222192,30.800001,32.4
2019-05-16,-0.33030123,-0.37049555092576725,145.1,31.7
2019-06-16,-0.8968154,-0.8015800091954081,101.0,30.0
2019-07-16,-1.5364554,-1.3481157880477588,82.700005,29.800001
2019-08-16,0.38983962,0.20203557167925099,186.40001,28.7
2019-09-16,-1.0517465,-0.6010887117268762,182.40001,28.5
2019-10-16,-1.0616568,-0.7848875352795405,103.9,29.1
2019-11-16,-0.8412838,-0.7246953034794835,18.2,27.6
2019-12-16,-1.3460656,-1.409788172513349,0.1,24.9
2020-01-16,-1.0442147,-0.8889350267405493,2.8,27.5
2020-02-15,-1.6734301,-1.5722415769574996,2.2,28.5
2020-03-16,-0.35414413,-0.3711616238204634,26.5,30.9
2020-04-16,-0.81652194,-0.42698052092375816,33.100002,31.800001
2020-05-16,-1.2565086,-1.2683639944834169,101.1,31.9
2020-06-16,0.24921943,0.2087530617666372,144.8,29.800001
2020-07-16,-0.7962302,-0.8509993708922324,120.1,29.9
2020-08-16,1.1695628,0.9416342382633477,230.5,29.2
2020-09-16,-0.4369386,-0.3352712149181834,212.8,29.1
2020-10-16,1.1417879,0.46718158377719826,206.3,27.2
2020-11-16,-0.76466036,-0.6685009354177249,13.7,27.6
2020-12-16,-0.889394,-0.8872337867061777,0.0,25.2
2021-01-16,0.5150595,-0.0054256968259494085,5.9,24.7
2021-02-15,0.24081807,0.1692562857723587,14.2,27.5
2021-03-16,-0.39294946,-0.5027675509270338,16.4,30.5
2021-04-16,2.1677842,1.5182863119577408,165.3,30.2
2021-05-16,-1.2788012,-0.9469571622568724,93.700005,31.2
2021-06-16,-0.7522295,-0.8371116440600587,106.3,30.2
2021-07-16,0.72679365,0.6033047411545568,165.3,29.300001
2021-08-16,-1.1766788,-1.2836207010157685,145.90001,29.4
2021-09-16,0.49594894,1.0253189537733958,252.40001,28.2
2021-10-16,0.772108,0.6154780969568283,195.40001,28.0
2021-11-16,-0.3826653,-0.38952500642958865,19.4,27.6
2021-12-16,-0.889394,-0.677790548402807,0.0,24.800001
2022-01-16,1.1141008,1.2265551101098076,20.7,26.5
2022-02-15,2.316085,1.867745481460461,51.5,27.6
2022-03-16,1.5294644,1.5571376135199606,66.9,30.0
2022-04-16,1.1107123,0.8622209978425592,96.4,30.7
2022-05-16,1.3871701,1.2831004491255895,214.8,29.5
2022-06-16,0.50053966,0.38604528824959106,157.1,29.800001
2022-07-16,1.8786002,1.8455417651073427,231.2,29.2
2022-08-16,1.0711867,1.018484878904605,228.7,28.7
2022-09-16,2.036355,1.3411024476519615,339.30002,28.1
2022-10-16,0.68605256,0.6902621790043503,193.3,27.6
2022-11-16,1.4360805,1.0731116662027926,82.6,27.5
2022-12-16,0.8384825,0.4832159976422877,5.9,24.7
2023-01-16,0.65588456,0.6462658765096158,4.5,25.1
2023-02-15,0.35194904,0.35812002377041957,9.400001,28.0
2023-03-16,0.29584223,0.13694399973606755,32.0,29.7
2023-04-16,-1.2710131,-1.25755168944153,19.7,32.7
2023-05-16,-1.350687,-1.3709080079321991,96.0,32.0
2023-06-16,-0.9398485,-0.9740091106531007,105.6,30.4
2023-07-16,-1.0538094,-1.0346271558864992,107.5,30.1
2023-08-16,-1.4077674,-1.2893568065074739,130.5,29.6
2023-09-16,0.64547193,0.677554899303937,259.80002,28.800001
2023-10-16,1.3400376,0.6579253195475094,232.0,28.7
2023-11-16,-0.5314396,-0.7609659658753408,22.1,27.7
2023-12-16,-0.19561741,-0.47026598767321764,4.5,26.5
